iteration,coal_time1,coal_time2,coal_time3,coal_time4,diff1,diff2,diff3,diff4
1.0,2.5240960481968955,15.95768172782417,18.000645864383472,18.051572670073867,2.5240960481968955,13.433585679627274,2.042964136559302,0.05092680569039487
2.0,3.6090065135231413,11.475400272963004,13.24639447514469,27.204851639167515,3.6090065135231413,7.8663937594398625,1.7709942021816865,13.958457164022825
3.0,5.689259816188642,14.376968504578532,15.500062638908805,18.621364605566985,5.689259816188642,8.68770868838989,1.1230941343302732,3.12130196665818
4.0,5.333478431805933,7.473935473820813,21.07355139134757,27.690681614879594,5.333478431805933,2.14045704201488,13.599615917526759,6.617130223532023
5.0,0.8216261190827865,2.4688619887489978,6.012972047264974,19.848555788293673,0.8216261190827865,1.6472358696662113,3.544110058515976,13.8355837410287
6.0,2.1633762578918336,12.287753983868399,12.807469068839502,24.117897098936538,2.1633762578918336,10.124377725976565,0.5197150849711036,11.310428030097036
7.0,19.340086847877153,20.726636343680752,24.320958780249313,29.961343470177717,19.340086847877153,1.3865494958035995,3.594322436568561,5.640384689928403
8.0,14.932850341133378,22.104943081046123,23.223115371614465,29.799327481855066,14.932850341133378,7.172092739912745,1.1181722905683422,6.576212110240601
9.0,5.786386568159951,14.323831876870827,20.250677165092625,20.953289315097273,5.786386568159951,8.537445308710875,5.926845288221799,0.7026121500046472
10.0,3.24516604688419,9.523746117996872,17.360904211604456,19.82778393640129,3.24516604688419,6.278580071112682,7.837158093607584,2.466879724796833
11.0,6.175756864812804,19.01054820688301,25.380929446807695,34.025571165265205,6.175756864812804,12.834791342070204,6.370381239924686,8.64464171845751
12.0,7.652869139130669,8.129612046223684,28.792308462190576,33.558198065935876,7.652869139130669,0.4767429070930156,20.66269641596689,4.7658896037453005
13.0,3.6902075507488874,6.526457883340189,12.825297136532335,20.076043297634836,3.6902075507488874,2.8362503325913018,6.2988392531921455,7.2507461611025015
14.0,0.14166803306648745,4.005258336960736,13.317228957613366,15.74304530795758,0.14166803306648745,3.8635903038942487,9.31197062065263,2.4258163503442134
15.0,4.043495755957522,10.53459086126082,13.123416184110862,25.294542185837006,4.043495755957522,6.491095105303298,2.5888253228500417,12.171126001726144
16.0,4.598197188937476,18.75598161719988,33.37090785381619,33.74618010952371,4.598197188937476,14.157784428262403,14.614926236616313,0.37527225570752165
17.0,4.468910691716893,16.937196545917224,22.850399998661302,30.664536205398637,4.468910691716893,12.468285854200332,5.913203452744078,7.814136206737334
18.0,4.23985115753953,15.696180927303242,24.685186388807622,28.018076854145406,4.23985115753953,11.456329769763713,8.98900546150438,3.3328904653377833
19.0,3.739482753806122,18.137236975907953,18.984413504313103,26.275365921041356,3.739482753806122,14.397754222101831,0.84717652840515,7.290952416728253
20.0,4.068643773806176,4.591657919480735,7.2109007828385,11.033832060531616,4.068643773806176,0.5230141456745585,2.6192428633577656,3.8229312776931152
21.0,0.866939022833698,8.485811105829672,10.438534658083903,22.071237492735847,0.866939022833698,7.618872082995974,1.9527235522542306,11.632702834651944
22.0,1.196368504494437,4.8877791656820335,22.85403134293216,24.176369171127668,1.196368504494437,3.6914106611875965,17.966252177250126,1.3223378281955078
23.0,0.8038213505685903,2.5016801670808633,5.596925770487449,9.707022417101062,0.8038213505685903,1.697858816512273,3.0952456034065854,4.110096646613613
24.0,3.270541889493323,21.806024891565826,24.257759694536098,33.49325246240131,3.270541889493323,18.535483002072503,2.4517348029702717,9.23549276786521
25.0,2.2446826201834753,15.353946224071613,16.37037140308703,18.21833294481931,2.2446826201834753,13.109263603888138,1.0164251790154175,1.8479615417322783
26.0,2.2543911676054833,3.1036474560124887,15.001413715451829,31.005693972823096,2.2543911676054833,0.8492562884070054,11.89776625943934,16.004280257371267
27.0,5.314456011383651,5.719400297381071,9.787943420773946,11.651261488604995,5.314456011383651,0.40494428599741994,4.068543123392875,1.8633180678310488
28.0,0.4422282088377827,6.507100892376517,8.99671181912278,15.32199597472794,0.4422282088377827,6.064872683538734,2.4896109267462627,6.325284155605161
29.0,5.664096010282343,7.726913356923777,19.258905083173318,34.539460029127625,5.664096010282343,2.0628173466414346,11.53199172624954,15.280554945954307
30.0,3.238814105425604,13.882481915295322,20.87663540744267,25.031134387541222,3.238814105425604,10.643667809869719,6.994153492147348,4.154498980098552
31.0,1.4453114976245303,8.503950441761798,12.89930576472068,20.99199552620656,1.4453114976245303,7.058638944137268,4.395355322958881,8.092689761485879
32.0,2.654879303097559,4.875461708101096,15.763871066352511,19.767481243905475,2.654879303097559,2.2205824050035368,10.888409358251415,4.0036101775529644
33.0,8.47855722377492,27.439809135132272,29.90193150784398,30.328704189392976,8.47855722377492,18.96125191135735,2.4621223727117076,0.4267726815489965
34.0,2.0417111523892686,3.804028853625418,4.2305210614241915,4.742933655489491,2.0417111523892686,1.7623177012361495,0.4264922077987734,0.5124125940652995
35.0,1.0068027041603145,8.45593669356257,11.318514315441575,30.381545722333396,1.0068027041603145,7.449133989402256,2.862577621879005,19.06303140689182
36.0,0.6384439898985406,4.165139225532631,12.432803500590161,18.441600517971548,0.6384439898985406,3.52669523563409,8.26766427505753,6.0087970173813865
37.0,10.119897939517447,21.46428456902488,24.207110562142425,25.071179969654796,10.119897939517447,11.344386629507433,2.7428259931175454,0.8640694075123712
38.0,7.442264238121762,21.267148731716517,23.913827589592792,34.757881635725596,7.442264238121762,13.824884493594755,2.6466788578762745,10.844054046132804
39.0,3.2049026644653082,3.286786437366583,8.816149143026706,33.37112728071872,3.2049026644653082,0.08188377290127491,5.529362705660123,24.55497813769201
40.0,8.64179696714665,24.124570613034948,25.774445074850902,33.96241116535343,8.64179696714665,15.482773645888297,1.6498744618159549,8.187966090502528
41.0,6.8096979282752805,7.64598325896549,8.451128385644576,32.37111387902025,6.8096979282752805,0.8362853306902096,0.8051451266790863,23.919985493375673
42.0,5.702938337136661,13.224365760781687,24.14754893992057,33.792593091738205,5.702938337136661,7.521427423645026,10.923183179138881,9.645044151817636
43.0,1.9707134238594648,4.148600856696966,29.128333837463913,33.03058769488502,1.9707134238594648,2.177887432837501,24.979732980766947,3.9022538574211083
44.0,5.278343864596394,6.935695912374204,22.014058190172307,26.675796941990548,5.278343864596394,1.6573520477778096,15.078362277798103,4.661738751818241
45.0,0.6967150169871914,4.263963774384038,13.441323209419345,18.45383250928887,0.6967150169871914,3.5672487573968468,9.177359435035306,5.012509299869524
46.0,9.673152551513066,9.778200491136129,11.80016622471609,26.71491024008743,9.673152551513066,0.1050479396230628,2.021965733579961,14.91474401537134
47.0,2.635314774551823,7.164393555461466,23.7316252340107,30.850140817031388,2.635314774551823,4.529078780909643,16.567231678549234,7.118515583020688
48.0,14.34531286012622,18.400756379605177,29.990030429103214,32.92290139554216,14.34531286012622,4.055443519478956,11.589274049498037,2.932870966438948
49.0,11.859663883077122,20.118425502269925,21.9792895198967,28.826813795212498,11.859663883077122,8.258761619192803,1.8608640176267741,6.8475242753157985
50.0,2.9286715237098164,8.782615766159722,9.11398654673297,19.930528699828326,2.9286715237098164,5.853944242449906,0.3313707805732484,10.816542153095355
51.0,1.1239879409846552,3.4641062550345154,9.151070130393201,17.822775832227702,1.1239879409846552,2.3401183140498603,5.6869638753586855,8.671705701834501
52.0,5.777588426201316,8.543878721051392,17.61239132389573,25.376056067168907,5.777588426201316,2.7662902948500765,9.068512602844336,7.7636647432731785
53.0,0.17380534771699985,3.6229769542433914,15.439647826320861,17.487320994851686,0.17380534771699985,3.4491716065263915,11.81667087207747,2.0476731685308245
54.0,4.553573498712311,20.70185269656425,29.31961620917294,31.631742177031732,4.553573498712311,16.148279197851938,8.61776351260869,2.312125967858794
55.0,5.661487264357607,8.664624149916154,13.842431132519266,21.269276235026425,5.661487264357607,3.003136885558547,5.177806982603112,7.4268451025071585
56.0,3.7694275431504956,5.369406661239541,9.559477072604533,29.23949686449538,3.7694275431504956,1.5999791180890455,4.190070411364992,19.680019791890846
57.0,7.6063013328763205,23.346443777704394,32.228554140521695,34.44471602093262,7.6063013328763205,15.740142444828074,8.8821103628173,2.2161618804109224
58.0,0.3846007363655559,5.965433616810095,7.082194722932112,9.612287486888711,0.3846007363655559,5.5808328804445395,1.1167611061220164,2.530092763956599
59.0,5.732947921367607,10.925485935986885,30.111888721027412,31.261067757443666,5.732947921367607,5.192538014619277,19.186402785040528,1.1491790364162533
60.0,18.864277546412286,19.40392865758155,22.13102946486878,28.124851342533375,18.864277546412286,0.5396511111692632,2.7271008072872327,5.993821877664594
61.0,7.2965674172996025,17.771664345572795,23.882600264185662,25.996953967919765,7.2965674172996025,10.475096928273192,6.110935918612867,2.1143537037341034
62.0,15.113553809495588,22.15832476131297,23.711409771930427,28.26418089507571,15.113553809495588,7.04477095181738,1.5530850106174583,4.552771123145284
63.0,1.424800012734572,4.358623510691682,8.560263486773728,16.69179101732149,1.424800012734572,2.9338234979571105,4.2016399760820455,8.13152753054776
64.0,17.329692667328004,17.526414941931378,19.636972333149664,29.1961997377828,17.329692667328004,0.1967222746033741,2.1105573912182862,9.559227404633134
65.0,9.808848807715577,14.798872103681546,25.048513255578477,30.90977940173038,9.808848807715577,4.990023295965969,10.249641151896931,5.861266146151902
66.0,6.606474718663939,22.74427899025705,29.666353699937815,34.797598357305105,6.606474718663939,16.13780427159311,6.922074709680764,5.13124465736729
67.0,2.692997479561541,6.921215681583682,13.173939085326598,27.245679689439857,2.692997479561541,4.228218202022141,6.252723403742916,14.071740604113259
68.0,2.888345243058538,11.459595180346529,18.663971592337532,21.597647320038703,2.888345243058538,8.571249937287991,7.204376411991003,2.9336757277011714
69.0,0.13653690335764423,9.70859134096822,12.823983779299525,16.90057323954388,0.13653690335764423,9.572054437610575,3.1153924383313054,4.076589460244357
70.0,10.119393819116262,12.196655697880633,24.586559354418366,31.963379944972875,10.119393819116262,2.0772618787643715,12.389903656537733,7.376820590554509
71.0,0.7764205738354235,6.779996764544709,10.975113433007099,25.63674231624462,0.7764205738354235,6.0035761907092855,4.19511666846239,14.661628883237523
72.0,9.991434911323402,11.475853986788042,11.847873142185058,19.395114487475325,9.991434911323402,1.4844190754646398,0.372019155397016,7.547241345290267
73.0,8.650231562226704,9.092453022207522,25.932416685466283,34.50074619233905,8.650231562226704,0.44222145998081785,16.83996366325876,8.568329506872768
74.0,3.7408789121392516,11.363690794040298,28.437161698128065,32.422099079238,3.7408789121392516,7.622811881901047,17.073470904087767,3.984937381109937
75.0,3.740645907519408,5.174231688494853,12.08668133323193,20.01631655784098,3.740645907519408,1.433585780975445,6.912449644737077,7.929635224609051
76.0,1.526144713045106,17.305224483809244,20.87365277162701,21.532659157607103,1.526144713045106,15.779079770764138,3.568428287817767,0.6590063859800921
77.0,6.12496356493903,24.568362160006743,25.363743698079894,34.90470600334735,6.12496356493903,18.443398595067713,0.7953815380731513,9.540962305267456
78.0,9.53460132467307,11.512655586545641,30.50515691156332,33.797064977101975,9.53460132467307,1.9780542618725718,18.992501325017678,3.2919080655386566
79.0,1.9366840298410395,4.552459764076929,6.328210254508328,7.979066876009973,1.9366840298410395,2.615775734235889,1.775750490431399,1.6508566215016458
80.0,3.889173541769921,5.556531841773587,11.761265141652299,13.12214102017283,3.889173541769921,1.6673583000036665,6.204733299878711,1.360875878520531
81.0,6.471793081084112,11.988400098874965,23.468445848666683,31.475714876403813,6.471793081084112,5.516607017790854,11.480045749791717,8.00726902773713
82.0,1.604553827166157,11.484761587531832,16.07144139431143,23.389040766029346,1.604553827166157,9.880207760365675,4.5866798067796,7.317599371717915
83.0,23.07403974947902,28.986436706915715,31.054984372780517,33.256092874932364,23.07403974947902,5.912396957436695,2.068547665864802,2.201108502151847
84.0,8.25254225859944,14.383072531274834,21.237207977795034,23.221488197464517,8.25254225859944,6.130530272675394,6.8541354465202,1.9842802196694826
85.0,16.562646775447227,17.589247629463614,29.227759560111007,30.45388207356993,16.562646775447227,1.0266008540163867,11.638511930647393,1.2261225134589218
86.0,1.5467572564093288,7.299364244760007,10.824260249656643,18.82083463310258,1.5467572564093288,5.752606988350678,3.524896004896636,7.996574383445939
87.0,5.139061157421825,6.726113634022855,16.642505742448144,19.83971153625707,5.139061157421825,1.5870524766010305,9.916392108425288,3.1972057938089264
88.0,1.4923718308637604,13.963178415485725,18.63537684943107,34.963561024382834,1.4923718308637604,12.470806584621965,4.6721984339453435,16.328184174951765
89.0,6.97118301360571,21.718413763679347,28.1521820514112,34.25500399156263,6.97118301360571,14.747230750073637,6.433768287731851,6.102821940151433
90.0,5.642993884429643,15.730284593499523,17.755964440559662,19.16825828399475,5.642993884429643,10.08729070906988,2.0256798470601396,1.4122938434350871
91.0,2.197852246012552,3.482004655841706,31.860191752204436,32.919738718884986,2.197852246012552,1.2841524098291544,28.37818709636273,1.05954696668055
92.0,3.0709251944383986,7.804693766734427,18.94718396140573,21.69506488457447,3.0709251944383986,4.733768572296029,11.142490194671304,2.74788092316874
93.0,1.6564974357452442,3.6995764881595967,4.6255624679083205,14.770496035055064,1.6564974357452442,2.0430790524143525,0.9259859797487238,10.144933567146744
94.0,6.083750602265155,7.058379327241209,13.828896840311483,30.177872236108023,6.083750602265155,0.9746287249760535,6.770517513070274,16.34897539579654
95.0,18.477030442703928,22.964061363966458,29.407640503890157,34.50331672514953,18.477030442703928,4.48703092126253,6.443579139923699,5.0956762212593745
96.0,15.214910337911945,21.451507288328905,25.60715731753478,29.86499845860174,15.214910337911945,6.23659695041696,4.1556500292058765,4.257841141066958
97.0,4.790070976974288,18.95518041873909,22.98878845417657,24.378463040178374,4.790070976974288,14.165109441764802,4.0336080354374815,1.389674586001803
98.0,1.814282027718157,3.4105024596650466,5.258292387071037,8.444612030150687,1.814282027718157,1.5962204319468896,1.8477899274059908,3.186319643079649
99.0,3.168436010639141,14.298640180792528,26.283072301591684,26.483453854628493,3.168436010639141,11.130204170153387,11.984432120799156,0.20038155303680938
100.0,24.223149683135595,25.901437210883124,31.941197286674402,32.86590975437867,24.223149683135595,1.6782875277475284,6.039760075791278,0.9247124677042677
101.0,2.217405235626387,5.31773659282873,26.65465740402435,28.012622352662248,2.217405235626387,3.100331357202343,21.33692081119562,1.3579649486378997
102.0,13.692889669741938,14.814901862416207,16.42191186119139,17.154006501656138,13.692889669741938,1.1220121926742692,1.6070099987751831,0.7320946404647479
103.0,6.714309040677897,7.798160305068489,22.155300349840232,34.40291941923397,6.714309040677897,1.0838512643905922,14.357140044771743,12.247619069393735
104.0,5.623040687449663,5.693808083185267,26.362868144202412,28.41163928946125,5.623040687449663,0.07076739573560431,20.669060061017145,2.0487711452588364
105.0,0.9707903408213951,1.977766131314148,6.723032394168808,33.33120846978264,0.9707903408213951,1.0069757904927528,4.74526626285466,26.60817607561383
106.0,1.2033997423357121,2.279330105506034,10.478786825280459,13.732086407850414,1.2033997423357121,1.0759303631703219,8.199456719774425,3.253299582569955
107.0,0.023220836476667728,6.895861208636774,9.519933930261864,11.321480278664033,0.023220836476667728,6.872640372160106,2.6240727216250903,1.8015463484021694
108.0,1.9028930590940405,2.728280598999433,13.19345006318277,28.335816160951037,1.9028930590940405,0.8253875399053925,10.465169464183337,15.142366097768267
109.0,6.113372736876006,11.924269998649702,16.395676728369136,17.216129678528482,6.113372736876006,5.810897261773697,4.471406729719433,0.8204529501593463
110.0,8.187923619543053,26.27416497981346,30.271208789474326,32.62217685369637,8.187923619543053,18.086241360270407,3.997043809660866,2.350968064222041
111.0,0.8686464737462885,10.650969827551776,11.685697566216476,32.542954941082655,0.8686464737462885,9.782323353805488,1.0347277386646994,20.85725737486618
112.0,17.555798120059723,19.229705836739804,23.08423387838382,32.862651354133966,17.555798120059723,1.6739077166800804,3.8545280416440164,9.778417475750146
113.0,12.279450241323676,15.12449450658028,17.559789346109564,32.57905551262049,12.279450241323676,2.845044265256604,2.435294839529284,15.019266166510928
114.0,9.894997277420782,11.03538456162729,11.612385255040838,25.200882251724256,9.894997277420782,1.1403872842065077,0.5770006934135488,13.588496996683418
115.0,1.1834100921502468,4.215060659191636,11.709314761607065,14.427135699014116,1.1834100921502468,3.031650567041389,7.494254102415429,2.717820937407051
116.0,0.2360983376529262,0.8985225819713492,14.431616995082756,15.21956656401245,0.2360983376529262,0.662424244318423,13.533094413111407,0.7879495689296938
117.0,11.863950265161641,16.803102452686915,23.625361975884765,26.420068965019794,11.863950265161641,4.9391521875252735,6.82225952319785,2.7947069891350296
118.0,2.6032283861989214,3.279040020304823,14.877968098478622,21.906854429871863,2.6032283861989214,0.6758116341059015,11.598928078173799,7.028886331393242
119.0,10.542921871338127,13.726478353265339,14.830084705115603,24.898858067112513,10.542921871338127,3.183556481927212,1.1036063518502637,10.06877336199691
120.0,26.303747883186617,31.13064530594507,32.635546387992406,34.804776048528495,26.303747883186617,4.826897422758453,1.5049010820473363,2.1692296605360895
121.0,11.663409380929462,12.95309255748305,23.741801393794546,32.98506527894261,11.663409380929462,1.2896831765535879,10.788708836311496,9.243263885148068
122.0,4.509593824129567,5.555108086727451,23.80838462830054,25.420546856086112,4.509593824129567,1.0455142625978837,18.25327654157309,1.6121622277855714
123.0,6.454253930780915,8.49613814041287,13.162602326819211,25.69415775669831,6.454253930780915,2.041884209631956,4.6664641864063405,12.531555429879099
124.0,2.879167554896661,10.064240602435742,18.679014232921126,25.024236530362987,2.879167554896661,7.185073047539081,8.614773630485384,6.345222297441861
125.0,1.7118076081894955,18.911902693670967,19.889107123371517,26.472050991429505,1.7118076081894955,17.200095085481472,0.9772044297005493,6.582943868057988
126.0,1.559713923950305,3.640695265882094,7.213177848827062,8.472705217179623,1.559713923950305,2.080981341931789,3.572482582944968,1.2595273683525612
127.0,4.563763394672176,10.23891793804286,13.313717223880165,21.409282552128367,4.563763394672176,5.6751545433706845,3.0747992858373046,8.095565328248203
128.0,4.5698067078591045,5.965837532397334,8.94372080314384,9.921597344212824,4.5698067078591045,1.3960308245382294,2.9778832707465064,0.9778765410689836
129.0,3.6480572415840413,6.247194966124091,6.964000877456552,22.912620454980445,3.6480572415840413,2.59913772454005,0.716805911332461,15.948619577523893
130.0,4.97342812456203,8.515665097462627,11.280439990217719,15.62731542780051,4.97342812456203,3.5422369729005965,2.764774892755092,4.346875437582792
131.0,0.836856450581358,5.678029031715088,23.80786918184726,33.709050881991864,0.836856450581358,4.84117258113373,18.12984015013217,9.901181700144605
132.0,6.381443341753219,8.102749744844065,8.104586860191421,9.555027591172173,6.381443341753219,1.7213064030908463,0.0018371153473566437,1.4504407309807519
133.0,9.206725450510707,27.907916549480177,29.416216611077736,29.616333276123363,9.206725450510707,18.70119109896947,1.5083000615975592,0.20011666504562697
134.0,0.9618908557877361,16.340496728487164,21.252686504358074,22.24632616014113,0.9618908557877361,15.378605872699428,4.91218977587091,0.9936396557830562
135.0,2.285494868595862,10.656465079030863,12.57467368968998,15.45308238922674,2.285494868595862,8.370970210435,1.9182086106591179,2.8784086995367595
136.0,4.796686756176079,5.056952880474267,7.719368418558588,8.18264913400385,4.796686756176079,0.2602661242981874,2.6624155380843213,0.4632807154452614
137.0,9.825071091443942,13.056984712748985,19.60526434489403,33.618904985264805,9.825071091443942,3.2319136213050434,6.5482796321450465,14.013640640370774
138.0,6.308138781482391,10.252866866547816,11.0434618445959,14.754224722340975,6.308138781482391,3.9447280850654245,0.7905949780480839,3.7107628777450756
139.0,16.668353855224357,19.03246563600661,22.52302221569587,34.19932664489162,16.668353855224357,2.3641117807822525,3.4905565796892617,11.67630442919575
140.0,6.416510494982276,15.946269895805191,22.98878965793275,27.62798090533616,6.416510494982276,9.529759400822915,7.042519762127558,4.63919124740341
141.0,15.127745115051496,18.1376025430807,24.57294156791591,25.59261765426623,15.127745115051496,3.0098574280292034,6.435339024835212,1.0196760863503194
142.0,3.2042983987106055,15.986986445491421,18.926111128308257,22.893299939072463,3.2042983987106055,12.782688046780816,2.9391246828168356,3.967188810764206
143.0,0.8695401248197783,13.029576273712038,22.0002475634264,27.45359426244518,0.8695401248197783,12.16003614889226,8.97067128971436,5.45334669901878
144.0,14.53886425897695,20.140989946026338,30.580210477654866,31.29236529432885,14.53886425897695,5.602125687049387,10.439220531628528,0.7121548166739835
145.0,4.000322993231698,15.525599345557776,28.326962482484763,34.880504674130435,4.000322993231698,11.525276352326078,12.801363136926987,6.553542191645672
146.0,16.20649407533921,16.33339574046008,27.788939662769,30.581372342730056,16.20649407533921,0.12690166512086876,11.45554392230892,2.792432679961056
147.0,2.6208632375578986,3.3736246665523772,30.428046731167925,30.579613870789203,2.6208632375578986,0.7527614289944786,27.054422064615547,0.1515671396212781
148.0,25.658788411672454,26.61385779574472,33.97778247986805,34.7404790536691,25.658788411672454,0.9550693840722673,7.363924684123326,0.7626965738010512
149.0,3.0179534702160957,17.155976554558944,20.770618784887404,30.747922551698053,3.0179534702160957,14.138023084342848,3.61464223032846,9.97730376681065
150.0,3.5657629853376136,5.166872398830023,12.443474847579846,33.000514351184556,3.5657629853376136,1.6011094134924093,7.2766024487498235,20.55703950360471
151.0,8.51388263192485,18.803457315710272,20.91436103747295,24.564359752588636,8.51388263192485,10.289574683785421,2.1109037217626785,3.649998715115686
152.0,2.945426663048501,4.440996315729809,4.498407061336962,20.03897140368875,2.945426663048501,1.4955696526813078,0.05741074560715376,15.540564342351786
153.0,3.6603135294116953,4.1340464227746025,8.099551748793612,21.508050605432917,3.6603135294116953,0.47373289336290725,3.9655053260190094,13.408498856639305
154.0,2.5744741795704584,11.946238555997784,13.341443108299082,30.95768998180536,2.5744741795704584,9.371764376427326,1.3952045523012977,17.616246873506277
155.0,8.888681566602447,16.943218408036333,21.7079415618635,28.021979651473462,8.888681566602447,8.054536841433887,4.764723153827166,6.314038089609962
156.0,2.6052324911985565,3.689046526306175,8.61620850810958,24.654073356807157,2.6052324911985565,1.0838140351076184,4.927161981803405,16.037864848697577
157.0,0.7649026396720586,6.8797993458537015,9.274193228853512,19.090854843808643,0.7649026396720586,6.114896706181643,2.394393882999811,9.81666161495513
158.0,14.764530538991448,17.28738665914839,28.089518540982375,33.98158547145604,14.764530538991448,2.5228561201569413,10.802131881833986,5.892066930473668
159.0,8.04088265048409,14.737229373937613,16.675849624075997,23.122530860826203,8.04088265048409,6.696346723453523,1.938620250138385,6.446681236750205
160.0,0.3296319628433366,0.6499849752439246,3.0988719948069985,18.419508553919474,0.3296319628433366,0.320353012400588,2.448887019563074,15.320636559112476
161.0,7.688406134035468,19.395223059235338,24.117504337420748,32.4138803943067,7.688406134035468,11.70681692519987,4.7222812781854095,8.296376056885954
162.0,7.209944413140782,7.6446416146777985,14.57864844484524,31.59029887178935,7.209944413140782,0.4346972015370163,6.934006830167441,17.01165042694411
163.0,8.32632614141708,11.815068914205682,25.370924047137464,26.493942590371987,8.32632614141708,3.4887427727886013,13.555855132931782,1.1230185432345223
164.0,11.170471429070663,13.144555099270889,13.43686905937109,17.131692319598436,11.170471429070663,1.9740836702002262,0.29231396010020205,3.694823260227345
165.0,2.08278912082654,7.594117449292874,16.33273852706317,17.634610177421326,2.08278912082654,5.511328328466334,8.738621077770297,1.301871650358155
166.0,11.301927437036877,13.15280575253368,19.586356536741956,34.35401314283659,11.301927437036877,1.8508783154968036,6.4335507842082755,14.767656606094636
167.0,9.116925103488217,18.26322119850693,24.700158252961682,30.22080992485501,9.116925103488217,9.146296095018712,6.436937054454752,5.520651671893329
168.0,7.195199808356325,13.820765052013137,14.90742531893411,25.572872088863317,7.195199808356325,6.625565243656812,1.0866602669209726,10.665446769929208
169.0,1.7436992755166898,3.9976919220596905,21.87586136722778,29.36192233479718,1.7436992755166898,2.2539926465430007,17.87816944516809,7.486060967569397
170.0,20.364732602647834,22.89882078747776,27.016060233877127,34.06837472249585,20.364732602647834,2.534088184829926,4.117239446399367,7.05231448861872
171.0,1.7923343489023864,3.5098819062569824,5.952753968983512,14.349692909317923,1.7923343489023864,1.717547557354596,2.4428720627265292,8.396938940334412
172.0,5.590745665367741,20.440413955882413,23.304620854634038,25.680707411208367,5.590745665367741,14.849668290514671,2.8642068987516254,2.3760865565743288
173.0,12.287997643265182,13.394882380744416,13.693998815362793,29.12256423484537,12.287997643265182,1.106884737479234,0.29911643461837656,15.428565419482577
174.0,20.88195793793937,24.181339246887305,30.79144953631819,33.08297729761696,20.88195793793937,3.299381308947936,6.610110289430885,2.2915277612987666
175.0,1.3153287276862287,13.61288331328462,20.203364231977442,28.34165684591462,1.3153287276862287,12.297554585598391,6.590480918692823,8.138292613937178
176.0,1.9596264723629488,14.006329806642377,24.80294991542469,33.855116222081655,1.9596264723629488,12.046703334279428,10.796620108782314,9.052166306656964
177.0,7.43980295764813,9.86873880620875,19.388545936036657,27.875778892060673,7.43980295764813,2.42893584856062,9.519807129827907,8.487232956024016
178.0,9.42529574080261,9.437017281325769,17.740511694587283,24.93191253114907,9.42529574080261,0.011721540523158325,8.303494413261514,7.191400836561787
179.0,0.5441410870073895,13.032538887877692,18.602878370522493,20.385221793970786,0.5441410870073895,12.488397800870302,5.570339482644801,1.7823434234482924
180.0,8.08318348379942,19.253795833954754,20.714317853995396,27.008331435524827,8.08318348379942,11.170612350155334,1.4605220200406421,6.2940135815294305
181.0,21.751076376281674,24.981008145285927,31.030128279393438,31.241218834297396,21.751076376281674,3.229931769004253,6.049120134107511,0.2110905549039579
182.0,20.36159327127517,23.201044153214454,28.282675079783356,33.49370291742478,20.36159327127517,2.8394508819392854,5.081630926568902,5.211027837641421
183.0,3.4406683959731907,3.6337625284724915,6.776992169326576,17.339237913690916,3.4406683959731907,0.19309413249930074,3.1432296408540843,10.56224574436434
184.0,4.230452644003371,5.543190729915146,6.283946045529934,30.77210116915103,4.230452644003371,1.312738085911775,0.7407553156147877,24.488155123621095
185.0,4.549156527121848,6.4256427197691295,6.522863975516437,29.5313566031617,4.549156527121848,1.8764861926472811,0.09722125574730711,23.008492627645264
186.0,4.893235859943498,8.701878423484622,21.635907140650048,30.215437541832983,4.893235859943498,3.808642563541124,12.934028717165425,8.579530401182936
187.0,0.9655084502966815,6.084032612414358,8.331681381171691,14.952883380714738,0.9655084502966815,5.1185241621176765,2.247648768757333,6.621201999543047
188.0,0.8300097739425709,18.432461319245967,19.830231907584405,22.792122326354594,0.8300097739425709,17.602451545303396,1.3977705883384388,2.9618904187701887
189.0,4.387843860196828,18.009432292085666,22.374290339420657,23.999233031891734,4.387843860196828,13.621588431888838,4.364858047334991,1.6249426924710768
190.0,10.406706699408748,11.842205127574196,30.539106519842854,34.1074212619122,10.406706699408748,1.4354984281654488,18.696901392268657,3.5683147420693473
191.0,3.217409839534664,6.665679160870603,9.304649609387926,16.513383525875284,3.217409839534664,3.448269321335939,2.6389704485173233,7.208733916487358
192.0,3.94479506608905,6.00174449039319,7.457529180149017,9.845657662712334,3.94479506608905,2.0569494243041397,1.455784689755827,2.3881284825633173
193.0,8.009847595551918,14.301331622995217,23.532219257044325,25.561309982936166,8.009847595551918,6.2914840274433,9.230887634049108,2.029090725891841
194.0,6.357251722214922,10.15920398250864,18.78354851930482,23.073146865242833,6.357251722214922,3.8019522602937172,8.62434453679618,4.289598345938014
195.0,14.589848100829169,21.32494595171766,24.294458916679158,32.76050054329275,14.589848100829169,6.73509785088849,2.969512964961499,8.466041626613592
196.0,1.429992386995032,4.4509861483616895,6.757755369998453,16.131344379622455,1.429992386995032,3.0209937613666575,2.3067692216367632,9.373589009624002
197.0,1.8324510136567937,2.402531984604387,5.408030128547132,6.534507059780914,1.8324510136567937,0.5700809709475934,3.005498143942745,1.126476931233782
198.0,11.964037916194858,13.924357601293035,21.559603212453602,34.05786656069466,11.964037916194858,1.9603196850981774,7.635245611160567,12.49826334824106
199.0,12.920387744176256,14.367658513970234,22.439273023109156,24.454678516958317,12.920387744176256,1.4472707697939775,8.071614509138922,2.015405493849162
200.0,13.062750462862066,19.296959303325014,19.727855882102766,26.198396250086518,13.062750462862066,6.234208840462948,0.43089657877775167,6.470540367983752
201.0,1.8125297405150604,4.444517878313967,7.2113485564577005,33.08496722999472,1.8125297405150604,2.6319881377989063,2.7668306781437337,25.873618673537017
202.0,1.2564308354571594,10.565743914907976,12.965470774225274,19.35149228934729,1.2564308354571594,9.309313079450817,2.3997268593172976,6.386021515122017
203.0,1.9838867231599622,16.91170498266689,23.279919531640815,28.948075991511608,1.9838867231599622,14.927818259506928,6.368214548973924,5.668156459870794
204.0,1.9826941055646188,13.68345927633711,23.73460384985829,27.869206147436852,1.9826941055646188,11.700765170772492,10.051144573521178,4.134602297578564
205.0,4.474770413224604,5.990160940750279,18.173481298223038,26.457175844858938,4.474770413224604,1.5153905275256747,12.183320357472759,8.2836945466359
206.0,5.011990707080901,23.048742409794023,24.106716297595263,26.118896725462783,5.011990707080901,18.036751702713122,1.0579738878012392,2.01218042786752
207.0,1.4510676909311329,15.065226083431703,21.70490944849112,26.85193590225759,1.4510676909311329,13.61415839250057,6.639683365059415,5.147026453766472
208.0,6.858851763233336,14.135362665815805,21.106569539658675,30.29495801597542,6.858851763233336,7.276510902582469,6.9712068738428705,9.188388476316746
209.0,0.8404193541265386,0.9809614132953115,1.197642653695354,32.639456235771895,0.8404193541265386,0.14054205916877294,0.21668124040004244,31.44181358207654
210.0,0.23838281062647582,6.620438388954458,16.006208493068314,30.976855292748994,0.23838281062647582,6.382055578327982,9.385770104113856,14.97064679968068
211.0,7.70880418060052,9.420048188540399,19.920471204439046,33.93676836289991,7.70880418060052,1.7112440079398787,10.500423015898647,14.016297158460866
212.0,3.2078113258637124,11.185554966752289,13.587364027160863,24.728487085818635,3.2078113258637124,7.977743640888576,2.4018090604085742,11.141123058657772
213.0,6.081693549637599,13.571425312790435,16.416458757435734,28.76538569700753,6.081693549637599,7.489731763152836,2.845033444645299,12.348926939571797
214.0,12.5619310471001,15.685251006900714,23.360348143045577,31.966724561610526,12.5619310471001,3.1233199598006145,7.675097136144863,8.606376418564949
215.0,12.589550084881743,19.459636697310877,25.323750250127787,26.64052069894292,12.589550084881743,6.870086612429134,5.86411355281691,1.3167704488151344
216.0,2.6117924975768148,12.103914343647425,21.012375444529773,29.598210045735723,2.6117924975768148,9.49212184607061,8.908461100882349,8.58583460120595
217.0,9.624528498155115,11.31459050925693,19.39351316193961,22.73757259173398,9.624528498155115,1.6900620111018156,8.078922652682678,3.3440594297943704
218.0,1.5303071693601638,5.419644521953945,7.862168454754137,12.990172785007996,1.5303071693601638,3.889337352593781,2.442523932800192,5.128004330253859
219.0,6.069473665976055,17.083237079837136,17.565607183069865,22.25849421642738,6.069473665976055,11.013763413861081,0.48237010323272855,4.692887033357515
220.0,0.7536375761427152,6.892511959504606,9.84061895931282,23.90503363814701,0.7536375761427152,6.138874383361891,2.948106999808214,14.06441467883419
221.0,5.522601418113911,8.067486301821045,22.150734205749192,23.33599498607669,5.522601418113911,2.544884883707134,14.083247903928147,1.1852607803275
222.0,0.7983462372617609,4.388181436394483,6.996420668813471,10.670963134528293,0.7983462372617609,3.5898351991327218,2.6082392324189883,3.674542465714822
223.0,7.535050949281246,22.956254060995594,30.749910604103516,33.84683932584759,7.535050949281246,15.421203111714348,7.793656543107922,3.0969287217440744
224.0,1.1500270096577125,6.599003221124665,13.611456973714173,23.18999816568281,1.1500270096577125,5.448976211466952,7.012453752589508,9.578541191968636
225.0,11.62516663980697,17.91562423532009,18.98100946759691,28.83288916834305,11.62516663980697,6.2904575955131214,1.0653852322768174,9.851879700746142
226.0,2.695420657168235,4.247456489492588,5.913454233402625,21.86921670801592,2.695420657168235,1.5520358323243535,1.6659977439100366,15.955762474613294
227.0,2.908791147706232,7.963964648023623,15.957993414856013,23.109240722315448,2.908791147706232,5.055173500317391,7.99402876683239,7.151247307459435
228.0,1.427173089015369,10.332781251341238,19.701891233945616,21.574934758758943,1.427173089015369,8.90560816232587,9.369109982604378,1.8730435248133261
229.0,9.645630802402117,11.405359702356943,11.409977053055968,27.041142857351417,9.645630802402117,1.7597288999548262,0.004617350699025025,15.631165804295449
230.0,10.94915795754104,12.79458787976738,18.375909226548714,23.123142689113948,10.94915795754104,1.8454299222263408,5.581321346781333,4.747233462565234
231.0,6.669156160587221,11.598246225110312,20.720750983176035,28.966147185532208,6.669156160587221,4.929090064523091,9.122504758065723,8.245396202356172
232.0,2.0653755853920828,12.073147210376934,14.02706920419324,33.61940149385155,2.0653755853920828,10.007771624984851,1.953921993816305,19.59233228965831
233.0,9.285657357234467,15.8293417551508,16.328280533872892,33.84330825501125,9.285657357234467,6.5436843979163335,0.498938778722092,17.51502772113836
234.0,7.653385000451845,27.727906132928606,29.53080760121678,29.8513761042011,7.653385000451845,20.07452113247676,1.802901468288173,0.3205685029843224
235.0,6.397867132031056,28.06423877167153,28.993798171295296,30.153718413888008,6.397867132031056,21.666371639640474,0.9295593996237663,1.1599202425927118
236.0,3.2632270066837137,6.857945099254849,28.323421053060464,31.86179063876657,3.2632270066837137,3.594718092571135,21.465475953805615,3.538369585706107
237.0,7.505782569626469,11.089484793257558,13.36744422509495,17.538020738290832,7.505782569626469,3.5837022236310894,2.2779594318373917,4.170576513195883
238.0,6.396841770260892,10.098441195729105,16.904104237402805,25.339389360346345,6.396841770260892,3.7015994254682134,6.8056630416737,8.43528512294354
239.0,5.231442396476574,5.750137895066622,14.497024246005065,15.676343520811997,5.231442396476574,0.5186954985900485,8.746886350938443,1.1793192748069323
240.0,8.388272995799014,15.810242345033092,18.69722390498232,31.604315561151022,8.388272995799014,7.421969349234079,2.886981559949227,12.907091656168703
241.0,6.6533098486008875,15.204967355960449,19.44611875841003,25.022989055704862,6.6533098486008875,8.551657507359561,4.2411514024495816,5.576870297294832
242.0,5.32992477390772,13.991310476620825,14.111811160034765,33.38799514636494,5.32992477390772,8.661385702713105,0.12050068341394038,19.276183986330178
243.0,5.578573785344577,15.082554502412695,21.407300312195552,29.41575423968589,5.578573785344577,9.503980717068117,6.324745809782858,8.008453927490336
244.0,26.531311446462134,30.202267301970785,30.95577451982243,32.63874882033565,26.531311446462134,3.6709558555086517,0.7535072178516451,1.6829743005132194
245.0,6.765463879857133,16.622508963443863,22.988398925180917,33.03969625043814,6.765463879857133,9.85704508358673,6.365889961737054,10.051297325257224
246.0,16.986120775751782,20.30467012045055,25.283138991036846,33.21944376819993,16.986120775751782,3.3185493446987664,4.978468870586298,7.936304777163084
247.0,6.788386341634421,18.074995571950538,20.088957224437287,24.472085342220986,6.788386341634421,11.286609230316117,2.013961652486749,4.3831281177836985
248.0,1.6404476026870398,3.2687518779029965,22.611747389898298,25.480706178957114,1.6404476026870398,1.6283042752159567,19.3429955119953,2.8689587890588157
249.0,2.018382491314796,3.5473654431567034,4.538264572849659,25.901937329784772,2.018382491314796,1.5289829518419076,0.9908991296929557,21.363672756935113
250.0,18.015382536638565,24.084223141392467,27.003375767531427,30.164985388995667,18.015382536638565,6.068840604753902,2.9191526261389598,3.1616096214642404
251.0,1.9842459265243946,5.297380537658601,16.014356430371794,21.08678754917254,1.9842459265243946,3.313134611134206,10.716975892713194,5.072431118800747
252.0,2.8987334164952046,5.0974267642543225,10.637105495439933,14.895863097271075,2.8987334164952046,2.198693347759118,5.53967873118561,4.258757601831142
253.0,3.1972993030152033,15.90242586423966,17.584665956395742,25.990129441514053,3.1972993030152033,12.705126561224457,1.682240092156082,8.405463485118311
254.0,10.369536392808605,11.843762005400464,15.650452217039877,23.928163964722994,10.369536392808605,1.4742256125918587,3.8066902116394132,8.277711747683117
255.0,6.101766804333433,6.286051737876967,6.327196823677866,7.484904880787198,6.101766804333433,0.18428493354353392,0.04114508580089904,1.157708057109332
256.0,0.5495524072917206,4.831944320651072,11.59757295405645,25.313932012979734,0.5495524072917206,4.282391913359351,6.7656286334053775,13.716359058923285
257.0,1.2097395020692119,3.136057840322483,13.632095277104582,28.913208345898234,1.2097395020692119,1.926318338253271,10.4960374367821,15.281113068793651
258.0,17.668218408877923,25.349682100661454,25.881531122581187,31.485841559092968,17.668218408877923,7.681463691783531,0.5318490219197329,5.604310436511781
259.0,17.47980180412515,19.038302390621155,23.131634614543124,25.47724954953201,17.47980180412515,1.558500586496006,4.093332223921969,2.3456149349888875
260.0,1.0113891939350879,4.682301232245724,6.718927786029791,18.302384074053464,1.0113891939350879,3.670912038310636,2.0366265537840675,11.583456288023672
261.0,1.3049296601402673,2.1042914974981812,5.6877262131114,7.528663884826244,1.3049296601402673,0.7993618373579139,3.583434715613219,1.840937671714844
262.0,18.30911954491458,21.391953407408167,28.03185753330895,28.415779725996227,18.30911954491458,3.0828338624935867,6.6399041259007845,0.383922192687276
263.0,3.790653567895852,6.063047749213773,10.376055883784446,12.246676164769614,3.790653567895852,2.272394181317921,4.313008134570673,1.8706202809851682
264.0,5.5617251172942055,5.777451599227366,8.696986704937547,11.421681662551595,5.5617251172942055,0.21572648193316013,2.9195351057101817,2.724694957614048
265.0,3.2661314928493574,13.40987146928158,25.631363987932435,31.6401662792361,3.2661314928493574,10.143739976432222,12.221492518650855,6.008802291303667
266.0,0.7185096158082516,8.842691389713181,15.790211707643063,32.40262835553085,0.7185096158082516,8.12418177390493,6.947520317929882,16.612416647887787
267.0,12.395744055457882,21.31016092059844,26.75643238345213,27.370550165645184,12.395744055457882,8.91441686514056,5.446271462853687,0.6141177821930555
268.0,3.566659202626674,15.879389188610563,22.520687054965954,29.65445479927027,3.566659202626674,12.31272998598389,6.641297866355391,7.133767744304315
269.0,3.2697476156857306,3.9291346736526513,23.319352391608327,33.8915906270103,3.2697476156857306,0.6593870579669208,19.390217717955675,10.572238235401976
270.0,1.2181143482030805,2.913651634320182,4.4311563005326775,9.008679093952306,1.2181143482030805,1.6955372861171014,1.5175046662124956,4.577522793419629
271.0,6.532411934425284,7.829854193829586,11.12614077510554,27.15888950006644,6.532411934425284,1.2974422594043027,3.296286581275954,16.0327487249609
272.0,4.1208331753940435,11.776161419582518,18.355073070772356,19.690372222077237,4.1208331753940435,7.655328244188475,6.578911651189838,1.3352991513048806
273.0,1.7271778064864307,7.9466809754871655,13.067422847432546,20.13297647251992,1.7271778064864307,6.219503169000735,5.1207418719453806,7.065553625087375
274.0,18.898099993171726,24.45715086429881,24.81488374783939,25.911457904058935,18.898099993171726,5.559050871127084,0.357732883540578,1.0965741562195461
275.0,3.8367297246671903,5.801976899569507,9.99200963766993,12.878470496386534,3.8367297246671903,1.9652471749023164,4.190032738100424,2.886460858716603
276.0,5.529690596703951,7.601873555026614,14.18305635980559,20.14735971901073,5.529690596703951,2.0721829583226636,6.581182804778976,5.9643033592051395
277.0,0.8045658958048136,7.988939370865776,8.841545881892454,28.85337510211207,0.8045658958048136,7.184373475060962,0.8526065110266785,20.011829220219617
278.0,7.713958351405477,15.887612147367896,19.01528610361433,27.30117032970511,7.713958351405477,8.17365379596242,3.127673956246433,8.28588422609078
279.0,2.2501978583375006,5.414020714208522,7.533641953366956,34.43796178718436,2.2501978583375006,3.1638228558710217,2.119621239158434,26.904319833817407
280.0,3.1218580146451558,11.186638775682056,14.948200469699842,18.60704919646446,3.1218580146451558,8.0647807610369,3.761561694017786,3.6588487267646173
281.0,13.853217530110474,24.084985019623343,26.258742971374403,33.458107057283655,13.853217530110474,10.231767489512869,2.1737579517510603,7.199364085909252
282.0,4.390341943272858,5.750065032956336,8.164263561668566,18.465355782427018,4.390341943272858,1.3597230896834773,2.4141985287122303,10.301092220758452
283.0,8.029449802887886,13.137086238929125,17.59261624631557,27.985430366676184,8.029449802887886,5.10763643604124,4.455530007386443,10.392814120360615
284.0,14.90376273250789,24.767396570134302,30.49384775476337,32.43010881419712,14.90376273250789,9.863633837626413,5.726451184629067,1.9362610594337504
285.0,13.562747433744633,18.405900072540756,20.182809828171468,29.239340328151265,13.562747433744633,4.8431526387961235,1.7769097556307116,9.056530499979797
286.0,1.8894083219933222,10.4338318479722,11.21798776418824,22.38233394206747,1.8894083219933222,8.544423525978878,0.7841559162160401,11.164346177879228
287.0,2.2791382422221673,4.792673998985165,14.394936298274818,14.944781792432273,2.2791382422221673,2.513535756762998,9.602262299289652,0.5498454941574558
288.0,4.052824667908773,5.355061591918968,15.546094205671778,19.159819187024944,4.052824667908773,1.3022369240101952,10.19103261375281,3.6137249813531653
289.0,1.7898602081682995,4.526292832934008,14.711113446072524,23.156579362171996,1.7898602081682995,2.7364326247657083,10.184820613138516,8.445465916099472
290.0,1.1033136055299906,3.0908019547571826,33.65399146322903,34.876406648750596,1.1033136055299906,1.987488349227192,30.56318950847185,1.2224151855215624
291.0,0.5684112567107604,0.9687398851719351,10.387561122787545,27.975312592949216,0.5684112567107604,0.4003286284611747,9.41882123761561,17.58775147016167
292.0,3.5410005211813527,15.416972580081726,23.070741248788167,30.64926597271788,3.5410005211813527,11.875972058900373,7.653768668706441,7.578524723929714
293.0,2.060596918903016,13.281214000333257,23.90475789116511,34.455887495929176,2.060596918903016,11.220617081430241,10.623543890831854,10.551129604764064
294.0,3.254736096755252,4.542364157658103,19.371261315345002,24.32718837614297,3.254736096755252,1.2876280609028505,14.8288971576869,4.955927060797968
295.0,0.7589811205803372,18.175513133190876,25.018458001544882,34.711530104034495,0.7589811205803372,17.41653201261054,6.842944868354007,9.693072102489612
296.0,0.8050956605439552,9.700627206096911,20.835231846199818,32.03119645272101,0.8050956605439552,8.895531545552956,11.134604640102907,11.195964606521194
297.0,5.2937546932477915,11.567411059568943,26.124788716200996,26.49640373071579,5.2937546932477915,6.273656366321152,14.557377656632053,0.37161501451479495
298.0,2.1058611067635056,11.842060515406121,17.941847871034295,27.15587776494805,2.1058611067635056,9.736199408642616,6.099787355628173,9.214029893913754
299.0,6.497956506094848,7.5556657900975175,19.02242087855899,24.156269174496593,6.497956506094848,1.0577092840026694,11.466755088461472,5.133848295937604
300.0,0.8035302143742342,4.550099320489597,14.136744989297945,28.49310687729021,0.8035302143742342,3.7465691061153628,9.586645668808348,14.356361887992264
301.0,1.12236679548284,8.357268331453504,10.027652711020085,22.461945981323268,1.12236679548284,7.234901535970664,1.6703843795665811,12.434293270303183
302.0,0.7365451390541224,7.230705044538219,12.847063604531602,25.43830807675226,0.7365451390541224,6.494159905484096,5.616358559993383,12.591244472220659
303.0,5.680817883263757,10.488448099206945,11.365030371978637,22.876166590433193,5.680817883263757,4.807630215943188,0.8765822727716923,11.511136218454556
304.0,8.003120725601129,13.533176607487917,27.781593782791134,28.550318758516084,8.003120725601129,5.530055881886788,14.248417175303217,0.7687249757249504
305.0,25.67007767052089,26.835904671078048,28.784403500480703,32.92407029918073,25.67007767052089,1.165827000557158,1.9484988294026557,4.1396667987000235
306.0,3.530568349656839,11.628879466300088,16.297979763284864,31.82254763947388,3.530568349656839,8.098311116643249,4.669100296984777,15.524567876189014
307.0,12.121132857184925,25.65190362132673,28.617189322903695,30.881667303203123,12.121132857184925,13.530770764141806,2.9652857015769634,2.2644779802994286
308.0,8.466378195330794,8.858991565604661,9.718826820803695,30.601596159433363,8.466378195330794,0.39261337027386745,0.8598352551990338,20.882769338629668
309.0,5.102730760218449,22.29053792057585,22.422797874570527,25.058057640742284,5.102730760218449,17.1878071603574,0.1322599539946765,2.6352597661717567
310.0,0.7184318530285623,6.10293538691802,6.544153603716257,27.868621465328644,0.7184318530285623,5.384503533889458,0.44121821679823725,21.324467861612387
311.0,7.471357850883653,11.325201239612632,18.769979988257226,26.080419494255395,7.471357850883653,3.853843388728979,7.444778748644595,7.310439505998168
312.0,3.633225189219619,11.916998346361417,13.361748406876284,21.325253265393535,3.633225189219619,8.283773157141798,1.4447500605148669,7.9635048585172505
313.0,1.8425659596895088,3.153954623039006,3.878862457779256,6.7921663315992795,1.8425659596895088,1.311388663349497,0.7249078347402502,2.9133038738200234
314.0,14.342298677329374,17.582617145980187,21.392262467647164,24.566076335478733,14.342298677329374,3.2403184686508126,3.8096453216669772,3.1738138678315693
315.0,2.0627418061465974,19.07223885735857,19.715014631351504,26.569603288657838,2.0627418061465974,17.009497051211973,0.6427757739929341,6.8545886573063335
316.0,17.294891893166668,24.53888784077435,28.272921843181507,34.04088342596269,17.294891893166668,7.243995947607683,3.7340340024071565,5.767961582781183
317.0,3.5694393626879126,6.3724786418642125,14.9734060426009,15.934531078910798,3.5694393626879126,2.8030392791763,8.600927400736687,0.9611250363098982
318.0,1.9293730382774044,2.8469921024920666,10.343233198107399,27.897938155280524,1.9293730382774044,0.9176190642146622,7.496241095615332,17.554704957173126
319.0,6.700909771086835,6.906236779237471,11.424771524480438,15.534271879781109,6.700909771086835,0.2053270081506362,4.518534745242967,4.109500355300671
320.0,16.347804959649483,18.95846212654776,21.962035934774462,24.45101941451678,16.347804959649483,2.610657166898278,3.003573808226701,2.4889834797423163
321.0,12.633621001695442,17.544917042142934,19.832761758866848,24.245333853691314,12.633621001695442,4.911296040447493,2.2878447167239138,4.4125720948244656
322.0,1.9120442310687196,10.20907729693825,13.22346643558426,20.888974579369066,1.9120442310687196,8.297033065869531,3.0143891386460098,7.665508143784805
323.0,2.0998122967588913,2.3219332287521297,11.483841056399921,18.550546360068854,2.0998122967588913,0.22212093199323846,9.161907827647791,7.0667053036689325
324.0,2.4001259322166604,5.961078511550504,6.178465400322196,15.067450144164706,2.4001259322166604,3.5609525793338435,0.2173868887716921,8.88898474384251
325.0,3.4521532625456004,6.823944440064228,33.5242504752896,34.519674638596776,3.4521532625456004,3.3717911775186273,26.70030603522537,0.9954241633071774
326.0,11.984164489830626,26.98186218509597,27.92816152469902,31.86646371923745,11.984164489830626,14.997697695265344,0.9462993396030512,3.93830219453843
327.0,4.679228002806109,8.482445581499299,9.450650656215455,13.738191328350933,4.679228002806109,3.8032175786931894,0.9682050747161561,4.287540672135478
328.0,1.004778297800641,2.493813549363061,6.108519702627124,14.105363686347399,1.004778297800641,1.4890352515624201,3.6147061532640627,7.996843983720275
329.0,1.4697899471064133,2.735896726301796,5.25860117938328,6.414483627950261,1.4697899471064133,1.2661067791953826,2.5227044530814844,1.155882448566981
330.0,1.0899841929429286,1.9070018932199275,5.9148815208607175,10.666136847562111,1.0899841929429286,0.8170177002769989,4.00787962764079,4.7512553267013935
331.0,20.711742202011624,21.50932850353741,22.81258108750227,26.87345316329322,20.711742202011624,0.7975863015257865,1.3032525839648592,4.06087207579095
332.0,7.7998796390779255,10.355031605248513,22.932419774920668,31.02399371877348,7.7998796390779255,2.5551519661705875,12.577388169672155,8.091573943852811
333.0,3.8096242657950015,6.22263389732467,19.58193234038081,22.042521631578673,3.8096242657950015,2.4130096315296683,13.35929844305614,2.460589291197863
334.0,3.022549023185686,9.01382774319396,19.648278996472268,20.32247575577629,3.022549023185686,5.991278720008275,10.634451253278307,0.6741967593040208
335.0,4.11971551775704,11.095267222454932,25.93116938971344,30.651923583705624,4.11971551775704,6.975551704697892,14.835902167258507,4.720754193992185
336.0,3.9765868744396258,15.758992713445402,28.493244943156817,31.599806505388628,3.9765868744396258,11.782405839005776,12.734252229711416,3.1065615622318106
337.0,6.140260781812348,12.841046490194689,28.81060955570818,33.11214674393068,6.140260781812348,6.700785708382341,15.96956306551349,4.3015371882225
338.0,11.060910534988029,11.599769649793192,15.013574905959985,17.26379203293219,11.060910534988029,0.5388591148051631,3.4138052561667926,2.250217126972206
339.0,7.512598817206012,15.582562059513243,17.223033888856083,21.725962452439425,7.512598817206012,8.069963242307232,1.6404718293428395,4.5029285635833425
340.0,8.482910040645745,13.7181821870305,18.050724250792857,29.100065388722467,8.482910040645745,5.235272146384755,4.332542063762357,11.04934113792961
341.0,1.2982116142148712,1.4365577036826025,16.116280008826767,30.787538898452237,1.2982116142148712,0.1383460894677313,14.679722305144164,14.67125888962547
342.0,1.7101648647839909,5.262078381841786,11.038959593770027,29.58650969706536,1.7101648647839909,3.5519135170577947,5.7768812119282416,18.547550103295332
343.0,22.117353388064412,27.11016336610077,28.398319532832843,29.27135744666768,22.117353388064412,4.992809978036359,1.2881561667320724,0.8730379138348354
344.0,3.975235823655762,9.320047456616681,13.45381393628372,25.326916206598014,3.975235823655762,5.344811632960919,4.133766479667038,11.873102270314295
345.0,9.769671074398776,14.41386142423115,18.111014274001104,30.36892053433514,9.769671074398776,4.644190349832375,3.697152849769953,12.257906260334035
346.0,5.802212955749518,15.821683629249605,27.004041196252523,32.20230508787864,5.802212955749518,10.019470673500088,11.182357567002917,5.1982638916261195
347.0,12.910244049994901,21.652966657201652,24.387815967086947,31.087670134536314,12.910244049994901,8.742722607206751,2.734849309885295,6.699854167449367
348.0,5.67990827862678,13.467292376132356,20.560511361849294,25.64108780152865,5.67990827862678,7.787384097505576,7.093218985716938,5.080576439679355
349.0,12.575627787109926,15.475040572296802,25.489089858091468,26.003549075589394,12.575627787109926,2.8994127851868754,10.014049285794666,0.5144592174979259
350.0,3.7061473878066344,8.136824138217673,9.68716537813621,10.356706792635308,3.7061473878066344,4.430676750411038,1.550341239918538,0.669541414499097
351.0,0.3059762008086011,1.7510905632077751,21.536292575893356,24.922398523192804,0.3059762008086011,1.445114362399174,19.78520201268558,3.3861059472994484
352.0,3.0515727549719323,4.920313479856578,9.97531127171975,14.007428981078338,3.0515727549719323,1.8687407248846455,5.0549977918631726,4.032117709358587
353.0,6.815519324876998,7.346639551204461,18.343126612202802,26.09504868167048,6.815519324876998,0.531120226327463,10.99648706099834,7.751922069467678
354.0,0.7786533170640553,2.1027069328951598,15.782525373661475,26.02909088378867,0.7786533170640553,1.3240536158311045,13.679818440766315,10.246565510127194
355.0,0.8885933838032898,3.6987346925739715,9.008414182974828,18.519539993224118,0.8885933838032898,2.8101413087706817,5.309679490400857,9.51112581024929
356.0,2.2604969319608657,9.96991903567065,20.816557527374773,23.509974573192157,2.2604969319608657,7.709422103709784,10.846638491704123,2.693417045817384
357.0,3.915646069020571,13.243720333846806,19.24281850013523,30.860757446137644,3.915646069020571,9.328074264826235,5.999098166288423,11.617938946002415
358.0,2.3661800835655384,5.114706243973103,25.616696331226848,30.840761096988885,2.3661800835655384,2.7485261604075646,20.501990087253745,5.224064765762037
359.0,8.006771926786485,17.090353752985852,28.5393213580249,28.72147400060754,8.006771926786485,9.083581826199367,11.448967605039048,0.18215264258263986
360.0,0.5854941947778727,2.2402700286938213,10.341808239012067,16.568930460022813,0.5854941947778727,1.6547758339159486,8.101538210318246,6.227122221010745
361.0,11.930093169098694,18.973621666769848,23.4933912178595,31.680430978687202,11.930093169098694,7.043528497671154,4.519769551089652,8.187039760827702
362.0,5.634142816988479,6.198744163641518,10.631273130597982,30.722574131797202,5.634142816988479,0.5646013466530384,4.432528966956465,20.09130100119922
363.0,2.6775597607235966,9.241438344653218,9.343671644725887,31.836730701211955,2.6775597607235966,6.563878583929622,0.10223330007266895,22.493059056486068
364.0,2.196403232639412,7.3528812124514324,9.145902075862445,34.410100301848836,2.196403232639412,5.156477979812021,1.7930208634110123,25.26419822598639
365.0,21.375285230104577,26.539937920734317,33.24532477953597,34.56336414252468,21.375285230104577,5.16465269062974,6.705386858801653,1.3180393629887064
366.0,23.74095847840261,26.262478575535454,29.302822628622046,34.52493794385318,23.74095847840261,2.521520097132843,3.040344053086592,5.222115315231136
367.0,4.782040712464809,29.51378675075002,30.659760110342624,34.983538219045926,4.782040712464809,24.73174603828521,1.145973359592606,4.323778108703301
368.0,2.6576242686113503,11.563551666495353,20.590508933533968,31.62035156416742,2.6576242686113503,8.905927397884003,9.026957267038615,11.029842630633453
369.0,6.112293855841564,10.591921594127466,13.363768364286319,26.463141055069464,6.112293855841564,4.479627738285902,2.7718467701588523,13.099372690783145
370.0,8.574905813969966,12.52105644662311,14.682920991747096,33.75002896158161,8.574905813969966,3.9461506326531435,2.1618645451239864,19.067107969834517
371.0,11.648566170504242,13.625706611694401,14.075360472241659,34.43015342178446,11.648566170504242,1.9771404411901585,0.449653860547258,20.3547929495428
372.0,4.640994182630976,6.846712201053915,7.379397585364018,11.487521059868516,4.640994182630976,2.205718018422939,0.5326853843101027,4.108123474504499
373.0,2.0523221375912257,7.230980786684206,7.792845104196942,26.6456648768042,2.0523221375912257,5.178658649092981,0.561864317512736,18.85281977260726
374.0,8.312007397291968,17.940968684684762,19.66677717205954,21.280901661131594,8.312007397291968,9.628961287392794,1.7258084873747777,1.6141244890720543
375.0,1.2330673627146922,7.085069153102687,13.679312444439972,34.24087720014371,1.2330673627146922,5.852001790387995,6.5942432913372855,20.561564755703735
376.0,4.362534449484958,11.993079563233927,17.095633749877475,20.602673174971812,4.362534449484958,7.630545113748969,5.102554186643548,3.5070394250943373
377.0,9.530145569065954,19.85277166222147,24.846243526315636,32.15926273271476,9.530145569065954,10.322626093155517,4.993471864094165,7.313019206399122
378.0,2.3894202290672837,4.099866510706789,6.974884371981787,24.910175326781626,2.3894202290672837,1.7104462816395056,2.8750178612749977,17.93529095479984
379.0,4.526603521653932,5.236937512333533,7.916388628974474,24.478157252058107,4.526603521653932,0.7103339906796009,2.6794511166409407,16.561768623083633
380.0,9.362543381065255,16.493901947262188,24.130867825442394,27.98946031112812,9.362543381065255,7.131358566196933,7.636965878180206,3.858592485685726
381.0,2.3877077542381286,3.9935076342087363,4.346105401970846,21.215844929076773,2.3877077542381286,1.6057998799706077,0.35259776776210927,16.869739527105928
382.0,1.0553467857837262,3.6485452936755607,7.501284779793739,14.16977922886371,1.0553467857837262,2.5931985078918345,3.8527394861181783,6.668494449069971
383.0,0.9111306288194214,9.983819555414456,20.822162355550777,23.56713998630151,0.9111306288194214,9.072688926595035,10.83834280013632,2.744977630750732
384.0,7.76470646515784,18.172918586399675,21.144434183925394,28.655093385636924,7.76470646515784,10.408212121241835,2.9715155975257197,7.51065920171153
385.0,11.233008992324763,11.89572026436057,27.879303579129193,33.647602394958746,11.233008992324763,0.662711272035807,15.983583314768623,5.768298815829553
386.0,9.298774366887088,14.959250503481208,17.429339831738982,18.343120742512657,9.298774366887088,5.66047613659412,2.4700893282577745,0.9137809107736743
387.0,5.566515416258973,9.152019938662896,11.356590909352335,16.707257854787972,5.566515416258973,3.585504522403923,2.2045709706894385,5.350666945435638
388.0,1.1003867836058063,1.9304385611752437,19.10577518857538,31.466688230622324,1.1003867836058063,0.8300517775694374,17.175336627400135,12.360913042046946
389.0,1.0877181392182536,6.607769021651457,13.452777844365524,18.47602539022857,1.0877181392182536,5.520050882433203,6.8450088227140675,5.023247545863047
390.0,0.9409097202642585,1.2904338060785534,8.87895068957869,16.920526926040843,0.9409097202642585,0.34952408581429495,7.588516883500137,8.041576236462152
391.0,1.9336272195639879,10.00226789497756,19.754109146522204,25.043791767268395,1.9336272195639879,8.068640675413572,9.751841251544644,5.289682620746191
392.0,13.133709588922152,14.554931049678252,17.73317596941245,30.730636330689737,13.133709588922152,1.421221460756101,3.1782449197341975,12.997460361277287
393.0,1.1412673000874065,3.1792215257263443,6.711507372001208,15.043251856243351,1.1412673000874065,2.037954225638938,3.5322858462748634,8.331744484242144
394.0,20.788422376677232,22.41308378381465,24.060123097049143,27.616260680990415,20.788422376677232,1.6246614071374168,1.6470393132344938,3.556137583941272
395.0,8.773859958489009,13.38780754568478,23.764560654774,31.515977087791036,8.773859958489009,4.613947587195771,10.376753109089222,7.7514164330170345
396.0,3.7861556311901694,4.109515516807125,10.231637928662778,16.13784142771456,3.7861556311901694,0.3233598856169557,6.122122411855653,5.906203499051781
397.0,17.27315252705691,18.552861204724152,19.91425692233519,23.910705051204506,17.27315252705691,1.2797086776672408,1.361395717611039,3.9964481288693143
398.0,1.4902376648390572,4.473197766843722,4.680664121905853,11.085323093853852,1.4902376648390572,2.9829601020046645,0.20746635506213096,6.404658971947999
399.0,3.3840086225671406,6.88832112286628,31.422273601893473,32.938555251963024,3.3840086225671406,3.5043125002991395,24.533952479027192,1.5162816500695513
400.0,13.05076372844971,17.27214413883927,27.961439227988038,28.248328784103226,13.05076372844971,4.2213804103895605,10.689295089148768,0.28688955611518807
401.0,1.6806658510168546,2.7070997171488074,12.170120911274296,23.437050975566773,1.6806658510168546,1.0264338661319528,9.463021194125488,11.266930064292477
402.0,3.495160945322123,9.358078919020034,21.358323881856695,33.33622331972311,3.495160945322123,5.862917973697911,12.00024496283666,11.977899437866416
403.0,1.3996548354574259,5.808238951208914,9.946443354340943,15.503797424042947,1.3996548354574259,4.408584115751488,4.138204403132029,5.557354069702004
404.0,9.002561666158027,24.762080248735586,25.784797744012252,27.18028655083604,9.002561666158027,15.75951858257756,1.022717495276666,1.3954888068237885
405.0,1.5434745616448922,11.525785131532924,22.05836251111255,23.475725566438427,1.5434745616448922,9.982310569888032,10.532577379579624,1.417363055325879
406.0,7.65913403307594,9.383977224884628,20.898050808223807,30.82809600978069,7.65913403307594,1.724843191808688,11.51407358333918,9.930045201556883
407.0,13.72884983881255,15.024852925520825,22.310027131821045,31.054260951307473,13.72884983881255,1.296003086708275,7.285174206300219,8.744233819486428
408.0,5.036048960326646,5.168308754550971,18.136800097933136,26.247639983715484,5.036048960326646,0.13225979422432488,12.968491343382166,8.110839885782347
409.0,5.952865713075489,10.759741554014187,11.71729001687634,15.491814014443168,5.952865713075489,4.806875840938698,0.9575484628621531,3.7745239975668277
410.0,7.181857662289161,14.12076114911715,15.81972615143442,20.18088716679947,7.181857662289161,6.938903486827989,1.6989650023172693,4.361161015365049
411.0,12.157886921392713,16.31650769693218,19.355209858722688,28.960165511179575,12.157886921392713,4.158620775539468,3.038702161790507,9.604955652456887
412.0,10.052923643689372,12.024865561539961,13.310207834968555,20.284670521586914,10.052923643689372,1.9719419178505895,1.2853422734285935,6.974462686618359
413.0,2.458486195868481,12.436004642523326,31.007350288337907,34.902805828022665,2.458486195868481,9.977518446654845,18.57134564581458,3.8954555396847574
414.0,5.54534715292526,6.679503924687314,12.887659686683318,23.65644562185569,5.54534715292526,1.1341567717620542,6.208155761996004,10.768785935172371
415.0,13.653113624620207,22.421751063471042,23.67957076619838,34.312231766063114,13.653113624620207,8.768637438850835,1.257819702727339,10.632660999864733
416.0,4.566480957826563,8.813083361433815,19.209717768217896,20.98082203238875,4.566480957826563,4.246602403607252,10.39663440678408,1.7711042641708552
417.0,4.3259260137908235,6.064504564123691,12.246262060868833,28.225264900292526,4.3259260137908235,1.7385785503328677,6.181757496745142,15.979002839423693
418.0,12.69930357208311,22.350151355762403,27.693585314191136,30.97950338171797,12.69930357208311,9.650847783679293,5.343433958428733,3.2859180675268327
419.0,21.425926936171226,22.880723917310803,31.128850115659343,32.75780621748392,21.425926936171226,1.4547969811395767,8.24812619834854,1.6289561018245742
420.0,3.563876810508585,3.8612355963990623,6.951444861265156,22.512825786372378,3.563876810508585,0.29735878589047715,3.0902092648660933,15.561380925107223
421.0,9.322971871906354,11.888582965078417,32.98625126584366,34.987655932059994,9.322971871906354,2.5656110931720626,21.097668300765246,2.001404666216331
422.0,13.406872826171032,19.36460381071697,28.900390653917817,30.3268564600521,13.406872826171032,5.95773098454594,9.535786843200846,1.4264658061342814
423.0,7.316804954824718,18.308704474884433,30.089794199932733,31.518594772896403,7.316804954824718,10.991899520059714,11.7810897250483,1.4288005729636701
424.0,6.798527769433772,8.110506202058943,16.97838714863798,26.172199373193312,6.798527769433772,1.311978432625171,8.867880946579039,9.19381222455533
425.0,12.239443104013212,13.069693417350923,15.437979947918947,32.83381059444109,12.239443104013212,0.8302503133377108,2.3682865305680245,17.395830646522143
426.0,11.046867977303517,12.068567121806407,25.897053490980795,29.247770556507824,11.046867977303517,1.0216991445028896,13.828486369174389,3.3507170655270286
427.0,4.045319217059941,14.9477977254022,17.316225399061622,30.470661714647072,4.045319217059941,10.90247850834226,2.368427673659422,13.15443631558545
428.0,8.429448548213571,10.046199093936618,14.921161343901819,22.861986954069334,8.429448548213571,1.6167505457230469,4.8749622499652006,7.940825610167515
429.0,1.8107993782747087,9.44489465120235,15.470832467495484,32.040356836936105,1.8107993782747087,7.634095272927642,6.025937816293133,16.56952436944062
430.0,2.923705150854836,3.296711515799494,10.322136779643426,20.302792341924693,2.923705150854836,0.3730063649446578,7.025425263843932,9.980655562281267
431.0,7.859116030825511,10.614286800153643,18.854900908051896,23.38251065107274,7.859116030825511,2.7551707693281315,8.240614107898253,4.527609743020843
432.0,6.17651301412625,13.066749792928405,16.125476941717707,18.552882498749323,6.17651301412625,6.890236778802155,3.058727148789302,2.4274055570316158
433.0,6.877227204525521,9.463922312722168,11.124049929557657,18.450615449587012,6.877227204525521,2.586695108196647,1.6601276168354886,7.326565520029355
434.0,5.524259122732214,7.3163483130713445,14.190964210219395,22.57287044204704,5.524259122732214,1.79208919033913,6.87461589714805,8.381906231827646
435.0,2.6268626402545863,6.225280710007638,17.014982508107614,24.071187166776287,2.6268626402545863,3.598418069753052,10.789701798099976,7.056204658668673
436.0,2.68178142017085,5.966721868890549,6.258758804488817,8.686474132493913,2.68178142017085,3.2849404487196985,0.2920369355982686,2.427715328005096
437.0,0.9793663816116904,2.0716246939521383,21.178584788541457,25.844955726095986,0.9793663816116904,1.092258312340448,19.10696009458932,4.666370937554529
438.0,2.848189599942593,6.813062774449364,9.176864669537927,15.560787668638255,2.848189599942593,3.9648731745067707,2.3638018950885638,6.383922999100328
439.0,1.2075560863961599,7.6490637421854615,18.556851799392376,26.464040131865517,1.2075560863961599,6.441507655789302,10.907788057206915,7.90718833247314
440.0,11.34837106297508,14.34532496940675,16.920269140859443,34.432400458017376,11.34837106297508,2.9969539064316706,2.5749441714526924,17.512131317157934
441.0,7.24376140768392,15.340526211151886,18.75119629986758,18.930164924813685,7.24376140768392,8.096764803467966,3.410670088715694,0.17896862494610488
442.0,13.571072247568022,15.464808946661943,21.050432289984883,33.87254252778084,13.571072247568022,1.893736699093921,5.58562334332294,12.822110237795954
443.0,10.842383779346939,12.19091597868691,16.094959665772326,33.11125694987104,10.842383779346939,1.3485321993399708,3.904043687085416,17.016297284098716
444.0,8.472755878669126,17.424683057401122,21.845447052339296,26.891408310477782,8.472755878669126,8.951927178731996,4.420763994938174,5.045961258138487
445.0,4.204786078862558,5.517355349309913,21.861859345866737,23.785817860919828,4.204786078862558,1.312569270447355,16.344503996556824,1.9239585150530907
446.0,1.2008426872225826,2.524468344153746,9.988060701700064,14.545588581523944,1.2008426872225826,1.3236256569311635,7.463592357546318,4.55752787982388
447.0,1.7944145557204791,3.054277437018552,6.602136095637423,9.704401485806194,1.7944145557204791,1.2598628812980728,3.547858658618871,3.102265390168771
448.0,8.57514577000639,12.42897233654595,20.25481117761685,20.44115130894801,8.57514577000639,3.85382656653956,7.825838841070901,0.18634013133116056
449.0,6.094892734689282,11.10043773643281,14.215413813598953,19.496013588706163,6.094892734689282,5.005545001743528,3.114976077166144,5.280599775107209
450.0,11.18369216464816,24.24417832579173,29.791515819760605,32.907611414505745,11.18369216464816,13.060486161143569,5.547337493968875,3.11609559474514
451.0,1.6823898502398862,4.5698850691393496,5.049984941919071,23.220430171790206,1.6823898502398862,2.8874952188994634,0.48009987277972144,18.170445229871135
452.0,6.435466216113561,7.609438259617132,12.010687514559212,16.359601355272876,6.435466216113561,1.1739720435035714,4.40124925494208,4.348913840713664
453.0,12.697918143724966,21.219985091125004,21.92908987770982,34.98909575837308,12.697918143724966,8.522066947400038,0.7091047865848168,13.060005880663262
454.0,9.331885641652434,21.74476317877223,26.163625309706468,31.859546505309932,9.331885641652434,12.412877537119797,4.418862130934237,5.695921195603464
455.0,4.19440729758654,6.667892373267488,30.926619604795185,33.583123642018364,4.19440729758654,2.473485075680948,24.258727231527697,2.656504037223179
456.0,15.808568141529406,20.442557163132378,26.368911961407694,32.467862180793404,15.808568141529406,4.6339890216029715,5.926354798275316,6.09895021938571
457.0,1.0590675228160222,4.857760854322237,17.29081673251949,34.1941445898262,1.0590675228160222,3.7986933315062146,12.433055878197255,16.90332785730671
458.0,5.230055406980199,9.044156883973873,26.29465831769634,27.10448790175458,5.230055406980199,3.814101476993674,17.250501433722466,0.8098295840582423
459.0,9.596698717853187,18.282268278869363,30.160097603797354,32.79655694526443,9.596698717853187,8.685569561016177,11.87782932492799,2.6364593414670736
460.0,6.283219566341931,7.8801276622419,8.533841314130633,24.58739415388133,6.283219566341931,1.5969080958999697,0.653713651888733,16.053552839750697
461.0,1.2144178816072895,4.525072753818154,13.303244700409824,18.77832413725874,1.2144178816072895,3.310654872210865,8.77817194659167,5.475079436848915
462.0,8.35013129333531,13.82340548479954,18.233247157846563,30.29484517356869,8.35013129333531,5.473274191464231,4.409841673047023,12.061598015722126
463.0,4.973895902697603,6.75794853475163,10.76537963864541,21.673215253761878,4.973895902697603,1.7840526320540278,4.007431103893779,10.907835615116468
464.0,19.030335647774763,31.146403016186227,31.4881156893153,34.802052212211805,19.030335647774763,12.116067368411464,0.3417126731290736,3.3139365228965048
465.0,5.753116250654216,9.787760791277059,15.95087107104365,17.546617186945436,5.753116250654216,4.034644540622843,6.163110279766592,1.595746115901786
466.0,4.071318876965009,9.367990220969393,10.657775536692768,20.042144555859082,4.071318876965009,5.296671344004384,1.2897853157233747,9.384369019166314
467.0,10.60280458838286,20.241997143927577,22.67653774384516,24.25676380467179,10.60280458838286,9.639192555544717,2.4345405999175824,1.5802260608266323
468.0,3.391770286130214,9.170997198066239,15.319991005826445,18.91424837294314,3.391770286130214,5.779226911936025,6.148993807760206,3.5942573671166933
469.0,20.14779761951045,26.615069152135,31.585666644198547,34.95294538398816,20.14779761951045,6.467271532624551,4.970597492063547,3.3672787397896116
470.0,2.647811035530019,13.864130646253084,17.29688106395743,17.569922439633395,2.647811035530019,11.216319610723065,3.4327504177043444,0.273041375675966
471.0,2.033141482450276,24.540773899187116,24.897392110704118,29.877474689233065,2.033141482450276,22.50763241673684,0.35661821151700224,4.980082578528947
472.0,14.953735597091608,21.9582930800437,25.679212276874857,26.637042494606305,14.953735597091608,7.004557482952091,3.720919196831158,0.9578302177314484
473.0,9.361253368153132,16.291766997731024,23.07475923673757,27.287010081106537,9.361253368153132,6.9305136295778915,6.782992239006546,4.212250844368967
474.0,1.3391930553521618,1.4178543585762782,11.854218433793456,13.924789608494564,1.3391930553521618,0.07866130322411635,10.436364075217178,2.070571174701108
475.0,12.790528297758538,12.981304822048603,13.006355310080114,27.767060113023113,12.790528297758538,0.1907765242900652,0.025050488031510554,14.760704802943
476.0,1.795398631310583,24.393551335626896,26.733213568365983,32.782333714815806,1.795398631310583,22.598152704316313,2.3396622327390872,6.049120146449823
477.0,10.458172696717558,15.954783844343428,20.4215270629063,26.992225279582506,10.458172696717558,5.49661114762587,4.466743218562872,6.570698216676206
478.0,2.552351346059247,5.737301870224577,24.538543938306738,33.900530160718375,2.552351346059247,3.1849505241653304,18.80124206808216,9.361986222411637
479.0,6.396994839588267,8.36101876210883,8.87379847635302,22.85080289126011,6.396994839588267,1.964023922520564,0.5127797142441892,13.97700441490709
480.0,10.680202577623433,17.350336864808483,21.464517935634426,28.50389009934083,10.680202577623433,6.67013428718505,4.114181070825943,7.039372163706403
481.0,5.791087976579249,6.1781035090384115,8.018671521511045,27.94180170100342,5.791087976579249,0.38701553245916287,1.8405680124726338,19.923130179492375
482.0,4.328103490078181,5.684675867037072,14.449959277623364,20.459421088302967,4.328103490078181,1.3565723769588907,8.765283410586292,6.009461810679603
483.0,1.3034321761995358,2.3508222802912258,4.63697496531228,12.747596742999693,1.3034321761995358,1.04739010409169,2.2861526850210545,8.110621777687413
484.0,1.0498256349043658,3.8974092630007355,11.69860033499259,22.784468202896928,1.0498256349043658,2.84758362809637,7.801191071991855,11.085867867904337
485.0,0.21995102780263664,3.642263664949045,5.463800757435674,10.952630196305464,0.21995102780263664,3.4223126371464083,1.8215370924866292,5.488829438869789
486.0,10.595871121113642,16.213610136446924,25.052524897076108,30.62958848462672,10.595871121113642,5.617739015333282,8.838914760629184,5.577063587550612
487.0,1.54187727586838,10.685663601237295,13.748306797485142,27.898164282713985,1.54187727586838,9.143786325368914,3.0626431962478478,14.149857485228843
488.0,1.401934281391732,4.49714169474716,7.834695016178184,9.636355096395157,1.401934281391732,3.0952074133554284,3.337553321431024,1.8016600802169727
489.0,5.546925567726998,19.286641350779398,33.05079394981143,33.16586196234441,5.546925567726998,13.7397157830524,13.76415259903203,0.11506801253297994
490.0,18.903830686179287,25.398192663259557,27.016003749606504,29.304218031522453,18.903830686179287,6.4943619770802705,1.617811086346947,2.2882142819159483
491.0,2.2242429876057415,7.458482368884862,17.038017451275127,21.340707599923306,2.2242429876057415,5.234239381279121,9.579535082390265,4.302690148648178
492.0,4.136944677987181,8.189960522453632,8.39489522574122,9.409769388865186,4.136944677987181,4.053015844466451,0.2049347032875879,1.0148741631239666
493.0,2.4231869162191444,6.537637606001223,7.041791982888174,10.306441682028712,2.4231869162191444,4.114450689782078,0.5041543768869516,3.264649699140538
494.0,0.7662464454772575,1.1197293383895541,7.966332448314812,18.443011802406964,0.7662464454772575,0.3534828929122966,6.846603109925258,10.476679354092152
495.0,3.3373322011545596,3.8272208713220337,19.277778703573134,33.179733806256486,3.3373322011545596,0.48988867016747406,15.4505578322511,13.901955102683353
496.0,6.861589545734258,7.755416911630412,14.053771064931624,18.957715918868402,6.861589545734258,0.8938273658961542,6.2983541533012115,4.903944853936778
497.0,6.942535265691351,7.832798364755078,13.552793204659032,29.231235932092652,6.942535265691351,0.890263099063727,5.719994839903954,15.67844272743362
498.0,16.969061755707884,19.32931472595775,23.069462806383573,26.35330358975408,16.969061755707884,2.360252970249867,3.740148080425822,3.2838407833705077
499.0,5.333611470929007,12.917262117334214,19.27347417823652,21.35077950316301,5.333611470929007,7.583650646405207,6.356212060902305,2.077305324926492
500.0,6.2236568139444515,15.37213989865544,21.4520426667744,25.53564130574818,6.2236568139444515,9.148483084710989,6.079902768118959,4.083598638973779
501.0,0.18103877702149163,4.337532840896088,16.142596336548124,19.587512611252684,0.18103877702149163,4.156494063874597,11.805063495652035,3.4449162747045605
502.0,2.5715275039599135,10.225951172442727,14.161105868293113,19.238223684907126,2.5715275039599135,7.6544236684828135,3.935154695850386,5.077117816614013
503.0,1.4441707397962489,3.6221918302893847,8.608348719735776,15.316617540452501,1.4441707397962489,2.178021090493136,4.9861568894463915,6.708268820716725
504.0,10.299381863558338,12.578704590283746,16.424325263055,32.67366807634663,10.299381863558338,2.2793227267254075,3.845620672771254,16.24934281329163
505.0,2.180069671669415,15.39270364199989,27.829403701977405,30.614645392001396,2.180069671669415,13.212633970330476,12.436700059977515,2.785241690023991
506.0,6.1294551765249,23.08706140656107,27.030690849119217,28.424875337659184,6.1294551765249,16.95760623003617,3.943629442558148,1.3941844885399668
507.0,9.403005771656126,27.808010611111044,30.89297826210037,31.537487696203645,9.403005771656126,18.405004839454918,3.084967650989327,0.6445094341032735
508.0,6.269430569955141,19.39477988323813,28.99390523585862,31.53690689465297,6.269430569955141,13.125349313282989,9.59912535262049,2.543001658794349
509.0,3.4662942585496666,5.665705804453282,12.940564886386788,27.805789864137786,3.4662942585496666,2.199411545903615,7.274859081933506,14.865224977750998
510.0,4.094480062097496,12.345345067648406,15.425622901501917,31.169451256702505,4.094480062097496,8.25086500555091,3.0802778338535113,15.743828355200588
511.0,2.5319691351116376,8.653941669819279,12.695899882369808,22.806434524680338,2.5319691351116376,6.121972534707641,4.041958212550529,10.11053464231053
512.0,5.867804051927852,13.57012020677476,15.406371017511773,19.334172933919707,5.867804051927852,7.702316154846908,1.8362508107370132,3.927801916407933
513.0,8.905160319159364,13.437104836541483,29.699109043881407,34.80256720149174,8.905160319159364,4.531944517382119,16.262004207339924,5.1034581576103335
514.0,3.65462072918735,19.126108023234313,32.32320178948372,33.88646489096085,3.65462072918735,15.471487294046963,13.197093766249406,1.5632631014771334
515.0,7.653094225849568,16.504359613337417,25.79658638985469,27.97794538407824,7.653094225849568,8.85126538748785,9.292226776517271,2.181358994223551
516.0,4.829796280379451,12.80055391529297,21.419712696157273,25.938946664825828,4.829796280379451,7.970757634913518,8.619158780864304,4.519233968668555
517.0,1.6463786040609207,2.9945543544995203,6.7186988645731205,9.851978848441536,1.6463786040609207,1.3481757504385996,3.7241445100736,3.133279983868416
518.0,8.326906692569608,9.117898675575663,20.839897499498043,33.11145863052182,8.326906692569608,0.7909919830060552,11.72199882392238,12.271561131023773
519.0,12.448523611104012,14.715032399193692,15.925260329605798,16.003966857637455,12.448523611104012,2.2665087880896806,1.2102279304121062,0.07870652803165612
520.0,22.189230613088473,23.646023083770416,26.255057920748126,32.03929235410225,22.189230613088473,1.4567924706819433,2.6090348369777097,5.784234433354126
521.0,6.677955614354023,16.51192723175481,17.857341494775085,22.641456571918162,6.677955614354023,9.833971617400788,1.345414263020274,4.784115077143078
522.0,2.7098569259851715,11.613496729878214,19.213083380151996,30.65294677584378,2.7098569259851715,8.903639803893043,7.599586650273782,11.439863395691784
523.0,1.12267717647984,1.6544833794588456,3.134446368114258,13.278391046770917,1.12267717647984,0.5318062029790056,1.4799629886554122,10.14394467865666
524.0,10.255800242999708,16.132900264985672,19.889192190223262,24.275804379750575,10.255800242999708,5.877100021985964,3.7562919252375906,4.3866121895273125
525.0,3.045630738490658,30.30103962460113,31.113752715267147,31.800305334709677,3.045630738490658,27.255408886110473,0.8127130906660156,0.68655261944253
526.0,13.37524745654056,13.559787939701955,16.19070193709241,17.543095242868688,13.37524745654056,0.18454048316139549,2.6309139973904543,1.3523933057762783
527.0,9.69614869884063,12.051037206126566,23.522305183642196,27.766960858384195,9.69614869884063,2.354888507285935,11.47126797751563,4.244655674741999
528.0,15.371926471074048,19.778489803824094,33.36196096945938,33.92735833814468,15.371926471074048,4.406563332750046,13.583471165635288,0.5653973686852964
529.0,3.612009297923475,3.7055910413999165,19.768632889006465,21.59785910522089,3.612009297923475,0.09358174347644166,16.06304184760655,1.8292262162144262
530.0,8.535950834100476,9.999340258324949,17.884007270825556,32.750342644283585,8.535950834100476,1.4633894242244736,7.884667012500607,14.866335373458028
531.0,16.280439811402697,18.955653936298912,18.993811478949276,21.04122523134543,16.280439811402697,2.6752141248962147,0.03815754265036375,2.047413752396153
532.0,5.264284224617732,11.48080333890299,12.685912307319828,22.07644664782181,5.264284224617732,6.2165191142852585,1.2051089684168375,9.390534340501983
533.0,4.542648808862236,7.786833335857349,8.954940046658045,18.77294466085209,4.542648808862236,3.244184526995113,1.1681067108006964,9.818004614194045
534.0,5.583425532535081,5.996085038594693,17.084135905090687,20.226053500309682,5.583425532535081,0.41265950605961166,11.088050866495994,3.1419175952189953
535.0,2.5841895529589465,4.413851595899818,17.85618373447169,22.253248843360268,2.5841895529589465,1.8296620429408712,13.44233213857187,4.3970651088885795
536.0,2.2058542507091303,4.577410066988016,5.667072463863949,6.6523464542509565,2.2058542507091303,2.3715558162788852,1.0896623968759336,0.9852739903870074
537.0,13.920451382968658,27.3507694806229,29.334409525896355,33.402843463052655,13.920451382968658,13.430318097654244,1.9836400452734537,4.0684339371563
538.0,12.576270633565983,13.33101990596857,20.54159726951194,24.232970352299795,12.576270633565983,0.7547492724025879,7.2105773635433685,3.6913730827878553
539.0,2.0712051286728084,6.211550549774675,8.538852191452161,17.327972330216543,2.0712051286728084,4.140345421101866,2.3273016416774865,8.789120138764382
540.0,11.278816201999586,13.782467506819511,17.10788869852618,22.51856983755507,11.278816201999586,2.5036513048199254,3.3254211917066705,5.410681139028888
541.0,4.425161675798037,24.093921726036864,32.56331600418725,34.66307677201376,4.425161675798037,19.668760050238827,8.469394278150386,2.0997607678265098
542.0,1.7971208879347813,6.703662890451916,11.94676803794199,24.160346896256613,1.7971208879347813,4.906542002517135,5.243105147490073,12.213578858314623
543.0,4.8363015660987365,10.7248778295844,16.966144606043656,20.88845628130097,4.8363015660987365,5.888576263485664,6.2412667764592555,3.9223116752573155
544.0,5.0408890190638544,9.804579303591453,22.769080587499456,34.302396239311896,5.0408890190638544,4.763690284527598,12.964501283908003,11.53331565181244
545.0,0.8871852237586282,2.843363979803172,3.3843530438948903,16.872211583778714,0.8871852237586282,1.9561787560445438,0.5409890640917183,13.487858539883824
546.0,17.79324549722081,18.391062037634534,19.478795086943215,20.632268946438174,17.79324549722081,0.5978165404137243,1.0877330493086816,1.1534738594949587
547.0,1.24262683165135,13.395288445901553,32.11194646944542,34.5509009256102,1.24262683165135,12.152661614250203,18.716658023543868,2.4389544561647796
548.0,6.744664185972866,7.198622298270575,9.313778366607188,24.677974884610876,6.744664185972866,0.453958112297709,2.1151560683366135,15.364196518003688
549.0,11.800266353454788,27.178085314194846,30.392564030042365,34.93599385718039,11.800266353454788,15.377818960740058,3.2144787158475197,4.543429827138027
550.0,2.5531378219400978,10.606742409625461,17.43967887878389,29.07938600976538,2.5531378219400978,8.053604587685363,6.83293646915843,11.639707130981488
551.0,0.5676591422566162,4.784850683532117,19.48266611724012,22.556664846086882,0.5676591422566162,4.2171915412755006,14.697815433708005,3.0739987288467603
552.0,3.684833760965308,12.075841296588926,14.1169595272654,16.148453743134564,3.684833760965308,8.391007535623618,2.0411182306764744,2.031494215869163
553.0,11.826108561760517,12.006784435341118,16.13672394038045,25.896364819885235,11.826108561760517,0.18067587358060067,4.1299395050393315,9.759640879504786
554.0,6.85190570736458,13.463383443003941,20.04153018934264,21.13696140746635,6.85190570736458,6.611477735639362,6.5781467463387,1.0954312181237107
555.0,10.95737407270353,12.38207911920692,24.649813638056877,33.466366443767136,10.95737407270353,1.4247050465033908,12.267734518849956,8.81655280571026
556.0,2.1483467174632978,17.55700978221676,23.101781823539227,26.245809401466037,2.1483467174632978,15.408663064753462,5.544772041322467,3.14402757792681
557.0,11.092191940142648,16.61957453669766,33.75657650361728,33.80373827459023,11.092191940142648,5.527382596555011,17.137001966919623,0.0471617709729486
558.0,6.229434046931438,8.211627667899162,19.52347469013372,21.31737372651754,6.229434046931438,1.982193620967724,11.31184702223456,1.79389903638382
559.0,0.8134602155044846,2.6896879963749214,4.0765964656456575,8.94519254861028,0.8134602155044846,1.8762277808704368,1.386908469270736,4.868596082964622
560.0,5.580239392172032,11.484915307092933,12.644593874387475,25.905368383269327,5.580239392172032,5.904675914920901,1.1596785672945416,13.260774508881852
561.0,6.009962453052616,9.758925193306624,21.11028667457172,29.753542681250828,6.009962453052616,3.748962740254008,11.351361481265098,8.643256006679106
562.0,6.616736126336509,12.605166055378994,30.79347592286006,34.01678775000353,6.616736126336509,5.988429929042486,18.188309867481067,3.223311827143469
563.0,1.479814832057464,10.678797205153234,17.27059346100211,25.334110245035717,1.479814832057464,9.19898237309577,6.591796255848877,8.063516784033606
564.0,5.55982552411977,15.444039864434721,24.307617507416673,30.054570792261387,5.55982552411977,9.884214340314951,8.863577642981951,5.7469532848447145
565.0,0.6705644052470703,3.2382293498300427,6.0354725537683045,12.685233730379863,0.6705644052470703,2.5676649445829725,2.7972432039382618,6.649761176611559
566.0,5.056644453992472,5.71455432267549,8.11178900177229,8.516383486058924,5.056644453992472,0.6579098686830172,2.397234679096801,0.40459448428663336
567.0,1.1739856214732995,4.99662248830931,5.647975054438135,6.019916756330179,1.1739856214732995,3.8226368668360102,0.6513525661288249,0.37194170189204456
568.0,6.024483521477929,7.195648576916881,8.560752372872454,15.444634428833119,6.024483521477929,1.1711650554389514,1.365103795955573,6.883882055960665
569.0,0.7230016944651254,12.221281308870456,13.748353005168866,24.996419892033433,0.7230016944651254,11.49827961440533,1.5270716962984103,11.248066886864567
570.0,12.848914043111236,15.447935848369521,20.15785443266607,26.84245686812091,12.848914043111236,2.5990218052582854,4.709918584296549,6.684602435454838
571.0,3.3749556987555387,4.078550144393134,5.421019809705477,8.05106305943788,3.3749556987555387,0.7035944456375951,1.3424696653123434,2.6300432497324024
572.0,12.56839376433485,14.302383276712256,23.6524250455548,29.297812420194845,12.56839376433485,1.7339895123774056,9.350041768842544,5.645387374640045
573.0,9.868328805974553,15.234151983164207,22.71291867447931,30.088574663285634,9.868328805974553,5.365823177189654,7.478766691315105,7.375655988806322
574.0,17.959342205334355,21.271380089596448,24.505626066042588,32.499303564745766,17.959342205334355,3.312037884262093,3.2342459764461395,7.993677498703178
575.0,8.16777561286056,12.79079374784417,14.2568027116663,28.776752027254897,8.16777561286056,4.62301813498361,1.46600896382213,14.519949315588597
576.0,2.625895962863254,5.863311349366686,10.726565172982397,12.199832162117666,2.625895962863254,3.2374153865034323,4.863253823615711,1.4732669891352685
577.0,19.223786686657647,23.17495830698298,24.63491173680061,26.30593230312889,19.223786686657647,3.951171620325333,1.4599534298176309,1.6710205663282807
578.0,1.8965603873375585,4.997720719285361,15.735660494951613,27.727938757887834,1.8965603873375585,3.1011603319478027,10.737939775666252,11.992278262936221
579.0,1.3678003143691697,4.215918863900605,5.306356031418286,23.564178148142023,1.3678003143691697,2.848118549531435,1.0904371675176812,18.257822116723737
580.0,13.552171456038785,25.79213304702124,27.554558274501925,28.68788761778974,13.552171456038785,12.239961590982457,1.7624252274806835,1.1333293432878158
581.0,11.105331586903752,14.791690991080717,16.023565133728457,34.580203891474085,11.105331586903752,3.686359404176965,1.2318741426477402,18.556638757745628
582.0,3.23765707169359,8.690937589836242,20.467372026718586,22.14955724988295,3.23765707169359,5.453280518142652,11.776434436882344,1.682185223164364
583.0,2.7388527615883547,10.215479341185617,21.447056106538696,34.153919974652645,2.7388527615883547,7.476626579597262,11.23157676535308,12.706863868113949
584.0,1.151008795594123,12.938951065202591,15.13826266828385,26.62383309002731,1.151008795594123,11.787942269608468,2.1993116030812594,11.48557042174346
585.0,7.808198238075349,11.970410543825992,26.908231485752943,30.40374051097472,7.808198238075349,4.162212305750643,14.937820941926951,3.4955090252217786
586.0,5.410643855703771,9.230188163856404,15.332572277385616,20.727830331069896,5.410643855703771,3.819544308152633,6.102384113529212,5.39525805368428
587.0,3.127550363357038,8.506242235477792,10.179342951841619,23.706196204345197,3.127550363357038,5.378691872120754,1.6731007163638267,13.526853252503578
588.0,0.8861799237182311,3.3129407562079756,12.665050090018326,21.022992370821058,0.8861799237182311,2.4267608324897445,9.35210933381035,8.357942280802732
589.0,14.620991239581432,15.140162671578828,23.00699200501122,30.422352352110163,14.620991239581432,0.5191714319973961,7.866829333432392,7.415360347098943
590.0,4.706783613377308,5.427112536792112,7.5448224176393595,19.32448492889775,4.706783613377308,0.7203289234148045,2.117709880847247,11.77966251125839
591.0,9.034448325961353,11.47632870138533,26.224255057323816,34.39109779166965,9.034448325961353,2.4418803754239775,14.747926355938485,8.166842734345835
592.0,2.786905272155323,4.701852945353092,7.543643177390585,24.544293784103765,2.786905272155323,1.9149476731977693,2.841790232037493,17.00065060671318
593.0,6.390925334976263,11.9145549423909,18.267386925014836,21.04834218826559,6.390925334976263,5.523629607414637,6.352831982623936,2.7809552632507533
594.0,21.504246635846705,27.4261128520044,30.25884256663265,32.41440972863283,21.504246635846705,5.921866216157696,2.8327297146282504,2.1555671620001817
595.0,1.4165580033491878,14.562375824446459,20.4318901610282,27.612865124614633,1.4165580033491878,13.145817821097271,5.869514336581741,7.180974963586433
596.0,0.7030988722176872,1.1811496263490184,23.88430697259468,25.70446258653866,0.7030988722176872,0.47805075413133125,22.70315734624566,1.8201556139439816
597.0,20.240617310117187,21.362941962048836,25.549068292837887,28.102697895237462,20.240617310117187,1.122324651931649,4.186126330789051,2.5536296023995746
598.0,1.2752736879929714,6.378560181645714,15.169885283181284,21.97069703177938,1.2752736879929714,5.1032864936527425,8.79132510153557,6.800811748598097
599.0,12.72115164562366,14.628938834557395,19.07548248356772,22.361024796980228,12.72115164562366,1.9077871889337352,4.446543649010323,3.2855423134125097
600.0,6.054430776583011,11.234408146493756,15.1193316819754,28.703244988176785,6.054430776583011,5.179977369910745,3.8849235354816436,13.583913306201385
601.0,0.7973654606553779,13.03498387554648,16.912007601898104,30.012942356983245,0.7973654606553779,12.237618414891102,3.8770237263516236,13.100934755085142
602.0,1.9614765343193596,2.7616636000953676,12.96679997823464,27.14127214202115,1.9614765343193596,0.800187065776008,10.205136378139272,14.174472163786511
603.0,5.032078746262563,15.911136377755312,20.49780950447697,30.93873391326286,5.032078746262563,10.87905763149275,4.5866731267216565,10.44092440878589
604.0,1.756885848867924,7.3581121367672715,12.523699629897948,26.56389796743391,1.756885848867924,5.6012262878993475,5.165587493130676,14.040198337535962
605.0,7.146403689025014,12.588729081653184,22.067162815883222,29.984212970421357,7.146403689025014,5.44232539262817,9.478433734230038,7.917050154538135
606.0,16.82391028283445,22.409988455334222,24.915368969208327,32.32748811133482,16.82391028283445,5.5860781724997715,2.5053805138741048,7.412119142126496
607.0,5.576783659994419,7.277778400786353,20.642299904146334,23.855093077485428,5.576783659994419,1.7009947407919341,13.364521503359981,3.2127931733390938
608.0,2.579822590912073,2.946326948351384,6.996842466960548,7.968358414129643,2.579822590912073,0.366504357439311,4.0505155186091635,0.9715159471690953
609.0,1.5292229827195172,3.1797911677300625,5.241945736778259,20.862228811777854,1.5292229827195172,1.6505681850105454,2.0621545690481966,15.620283074999595
610.0,6.885938820920444,8.008300734087971,9.163303294190957,27.419192735595026,6.885938820920444,1.122361913167527,1.1550025601029859,18.25588944140407
611.0,2.5204990150305164,7.157112649360879,8.395472023011827,11.817646506035889,2.5204990150305164,4.636613634330363,1.2383593736509475,3.4221744830240617
612.0,1.3449397435597632,3.9171783797522437,6.707262812263025,23.452404805773334,1.3449397435597632,2.5722386361924805,2.790084432510781,16.74514199351031
613.0,5.5225987398385605,8.891129555743824,10.208027550932908,17.107133182777197,5.5225987398385605,3.368530815905263,1.316897995189084,6.899105631844289
614.0,5.323263955168649,9.791047771849595,11.995597518998984,15.096906881058967,5.323263955168649,4.467783816680946,2.2045497471493896,3.1013093620599825
615.0,1.496610521388341,12.190920161242328,16.986699130014507,21.864151712440652,1.496610521388341,10.694309639853987,4.795778968772179,4.8774525824261445
616.0,3.062441961909599,15.50519514789875,26.040241172280524,30.530345535089843,3.062441961909599,12.442753185989151,10.535046024381774,4.490104362809319
617.0,3.3271961170412894,5.489224203111174,20.847217180982263,26.32734501642181,3.3271961170412894,2.162028086069885,15.357992977871088,5.480127835439546
618.0,7.875835820397281,12.373757442302548,14.273302837519854,30.312450695496683,7.875835820397281,4.497921621905267,1.8995453952173058,16.03914785797683
619.0,3.391318160780049,3.984105939931574,14.495417150445782,34.812211049076375,3.391318160780049,0.592787779151525,10.511311210514208,20.316793898630593
620.0,2.9193709924252644,9.18044215648543,11.668450964312193,14.78535378825083,2.9193709924252644,6.261071164060166,2.4880088078267626,3.116902823938638
621.0,1.3933696309084027,2.037346455561739,4.724254109824972,34.77099595904123,1.3933696309084027,0.6439768246533362,2.6869076542632335,30.046741849216257
622.0,6.386527682710913,14.152349987646208,16.529947674028318,22.58547913074793,6.386527682710913,7.765822304935295,2.37759768638211,6.0555314567196135
623.0,4.939683949095887,9.9991930965504,11.899693145923699,23.456658097611346,4.939683949095887,5.059509147454513,1.9005000493732993,11.556964951687647
624.0,7.418715550906732,8.184108934348536,26.474183873087412,31.82158277509209,7.418715550906732,0.7653933834418041,18.290074938738876,5.347398902004677
625.0,3.958369812818475,21.61601547922968,31.953606356014873,33.10395291884411,3.958369812818475,17.657645666411206,10.337590876785193,1.1503465628292346
626.0,3.18017195094059,8.99830414343073,26.563703773846658,28.867869643396805,3.18017195094059,5.81813219249014,17.56539963041593,2.304165869550147
627.0,2.539726878762636,6.434260502165788,13.691329119072957,27.54862940809612,2.539726878762636,3.8945336234031522,7.257068616907169,13.857300289023161
628.0,4.369027620802381,14.791247429965715,14.855356593735483,29.873868492936445,4.369027620802381,10.422219809163334,0.06410916376976772,15.018511899200963
629.0,6.107417760498954,9.115194454425989,11.656327317925612,24.176233990190653,6.107417760498954,3.0077766939270347,2.541132863499623,12.51990667226504
630.0,4.01732801714272,6.53813337838514,14.816323576271653,27.336986823253675,4.01732801714272,2.52080536124242,8.278190197886513,12.520663246982021
631.0,3.363700343229212,11.71367397278651,19.053928384418796,25.954785099355277,3.363700343229212,8.349973629557297,7.340254411632287,6.900856714936481
632.0,2.9627784481289865,8.455826954071249,20.011930128988773,22.01665313642867,2.9627784481289865,5.493048505942262,11.556103174917524,2.004723007439896
633.0,4.126836945454471,11.43622126056444,16.001263920527844,20.777607789058944,4.126836945454471,7.30938431510997,4.565042659963403,4.7763438685311
634.0,3.119477353484381,14.607426587662598,20.44423357584511,22.31849545973882,3.119477353484381,11.487949234178217,5.836806988182513,1.874261883893709
635.0,5.457852289635845,8.945558842708866,14.563881920159645,18.69181766907282,5.457852289635845,3.4877065530730214,5.618323077450778,4.127935748913174
636.0,3.9024725341466358,4.403485267820521,17.23579782230504,17.751609886611877,3.9024725341466358,0.5010127336738854,12.83231255448452,0.5158120643068358
637.0,7.653433132299771,17.008463455939566,30.179121893024863,34.61681973726361,7.653433132299771,9.355030323639795,13.170658437085297,4.437697844238748
638.0,1.7951112332343158,4.189027386317338,6.036537576354835,20.254147412059687,1.7951112332343158,2.3939161530830226,1.8475101900374966,14.217609835704852
639.0,6.083301803286851,7.025973820417299,10.244077525552509,24.543868847333258,6.083301803286851,0.9426720171304481,3.21810370513521,14.299791321780749
640.0,2.133713020019364,3.632462745938078,10.981097187891237,10.988546675108676,2.133713020019364,1.4987497259187137,7.348634441953159,0.007449487217439099
641.0,1.0858652772091375,9.142562663056122,11.622025606302472,20.506755567178672,1.0858652772091375,8.056697385846984,2.47946294324635,8.8847299608762
642.0,5.888022120651307,29.742734667751822,30.606146622542777,31.320242992725603,5.888022120651307,23.854712547100515,0.8634119547909549,0.7140963701828262
643.0,4.2127071054262935,9.91965944715528,24.430043698372103,33.61394697455994,4.2127071054262935,5.706952341728986,14.510384251216824,9.183903276187834
644.0,7.511044172202684,9.484779834601191,22.691823511991696,33.801980742747446,7.511044172202684,1.9737356623985072,13.207043677390505,11.11015723075575
645.0,4.657280612317091,10.55320551000435,13.374983710938878,13.746327512390842,4.657280612317091,5.895924897687259,2.821778200934528,0.3713438014519639
646.0,0.5079808966875774,2.306912768939796,4.476549691195153,5.185275207045329,0.5079808966875774,1.7989318722522185,2.169636922255357,0.7087255158501762
647.0,2.6792042230850655,2.7758367354627183,5.424364066478603,12.464253229647994,2.6792042230850655,0.0966325123776528,2.6485273310158846,7.039889163169391
648.0,6.789445843685332,7.228975425647839,7.508865385023459,12.543435678916609,6.789445843685332,0.4395295819625069,0.27988995937561967,5.03457029389315
649.0,1.9634921657026325,4.77150937679917,6.991198850908226,7.996906648185881,1.9634921657026325,2.808017211096537,2.2196894741090567,1.0057077972776547
650.0,10.838356445330248,13.278227350880865,19.62538547564884,21.887426923227117,10.838356445330248,2.4398709055506167,6.347158124767976,2.2620414475782766
651.0,2.359192471155332,3.0134920858330076,16.23462579224229,31.258335000694192,2.359192471155332,0.6542996146776758,13.221133706409283,15.023709208451901
652.0,1.0258868212309267,14.735704387258732,21.945500422647918,34.19614364313496,1.0258868212309267,13.709817566027805,7.209796035389186,12.250643220487042
653.0,1.638773460713729,5.601404864614171,24.558899769869928,24.931096084404523,1.638773460713729,3.962631403900442,18.957494905255757,0.37219631453459456
654.0,5.618365012833287,6.737821458163509,27.34581666623516,28.82591142060427,5.618365012833287,1.119456445330222,20.60799520807165,1.4800947543691123
655.0,0.5822531483913949,2.895461714653635,10.002935435491167,24.91508247545629,0.5822531483913949,2.31320856626224,7.1074737208375325,14.912147039965124
656.0,0.36754290511535714,8.231115815703376,13.064575390520591,27.737328826337993,0.36754290511535714,7.863572910588019,4.8334595748172156,14.672753435817402
657.0,9.20381095950313,15.429829728837653,20.693400026873906,29.004238799276862,9.20381095950313,6.226018769334523,5.263570298036253,8.310838772402956
658.0,2.16978123200046,7.8075713020272595,15.32262627811349,29.73038031619989,2.16978123200046,5.637790070026799,7.51505497608623,14.407754038086402
659.0,0.4734967236302339,12.637399640140032,18.188315003869906,21.209580084642354,0.4734967236302339,12.163902916509798,5.5509153637298745,3.021265080772448
660.0,3.038569305478596,10.085342238403598,15.732960296029344,17.541648607848494,3.038569305478596,7.046772932925002,5.6476180576257455,1.8086883118191501
661.0,5.969595129424135,6.18143469760642,26.584713687666216,33.81649394199899,5.969595129424135,0.21183956818228467,20.403278990059796,7.231780254332776
662.0,13.609920272345384,16.774247878177665,32.40785784855005,33.951935527485325,13.609920272345384,3.1643276058322805,15.633609970372387,1.544077678935274
663.0,21.779848867101993,23.673538966766046,24.698466543961775,34.868041499043905,21.779848867101993,1.8936900996640524,1.0249275771957294,10.16957495508213
664.0,7.247007176635428,8.214373031669552,18.15034319771161,34.00879024316843,7.247007176635428,0.9673658550341244,9.935970166042058,15.858447045456817
665.0,23.277340237963124,25.504538869030373,29.14602730260892,33.10471996032808,23.277340237963124,2.2271986310672496,3.641488433578548,3.958692657719162
666.0,12.235112081709197,19.769084934079718,24.127912989560457,32.85584106982244,12.235112081709197,7.533972852370521,4.358828055480739,8.727928080261982
667.0,16.624150018444567,21.433775442129352,24.590238140883933,31.88033267986689,16.624150018444567,4.8096254236847855,3.1564626987545807,7.290094538982956
668.0,9.69307801702217,9.938183478720347,10.769641782489177,32.384766157236335,9.69307801702217,0.24510546169817715,0.8314583037688301,21.615124374747158
669.0,3.252692805648632,23.898985887838293,24.03409032286269,26.234670303780387,3.252692805648632,20.64629308218966,0.1351044350243953,2.2005799809176985
670.0,7.641288110011345,8.71054609426594,26.87990397983343,30.30763248615516,7.641288110011345,1.0692579842545946,18.16935788556749,3.4277285063217313
671.0,5.164390166120349,28.861612848874906,29.75382334956082,31.761506641221324,5.164390166120349,23.697222682754557,0.8922105006859162,2.007683291660502
672.0,10.216035608169477,13.880698106050254,20.694185710115526,25.257112624136614,10.216035608169477,3.6646624978807765,6.813487604065273,4.562926914021087
673.0,12.883557852610828,24.75000372035431,32.10278977838629,32.729081978851426,12.883557852610828,11.866445867743483,7.3527860580319775,0.6262922004651372
674.0,3.268553816827655,6.749079311824879,6.793940808896764,13.121785411969142,3.268553816827655,3.4805254949972237,0.044861497071885026,6.3278446030723785
675.0,9.127378370153014,15.65344022205857,18.107049451828008,19.307498976083778,9.127378370153014,6.526061851905556,2.4536092297694374,1.2004495242557702
676.0,1.657253268658046,13.391386195845595,17.75693197150874,25.506378461945538,1.657253268658046,11.734132927187549,4.365545775663147,7.749446490436796
677.0,7.998690221759354,11.386523755208003,14.673958179990816,28.369584526020624,7.998690221759354,3.3878335334486493,3.2874344247828127,13.695626346029808
678.0,6.483476890611485,14.832883489794689,16.019085322394552,21.404887520775116,6.483476890611485,8.349406599183204,1.1862018325998633,5.3858021983805635
679.0,8.38787403610878,10.236585646119067,14.148834355176525,23.175634360938503,8.38787403610878,1.8487116100102874,3.912248709057458,9.026800005761977
680.0,0.3547317665745666,10.056997608866702,10.718290157785237,14.759220507646916,0.3547317665745666,9.702265842292135,0.6612925489185351,4.040930349861679
681.0,6.1679303321418075,7.838661960261756,25.41207471080883,28.952886599199907,6.1679303321418075,1.670731628119949,17.573412750547075,3.540811888391076
682.0,12.61497758939742,15.285076645198064,18.148312733490318,30.553458769106932,12.61497758939742,2.6700990558006445,2.863236088292254,12.405146035616614
683.0,2.453982967545052,3.582507075609449,8.760880091972496,15.502621209358743,2.453982967545052,1.128524108064397,5.178373016363047,6.741741117386248
684.0,1.7308795731211362,3.9013464756588583,6.732106230676468,24.243361019187077,1.7308795731211362,2.170466902537722,2.83075975501761,17.51125478851061
685.0,6.120676459853865,7.640656204975045,12.566396451265895,14.467994051332052,6.120676459853865,1.51997974512118,4.92574024629085,1.9015976000661574
686.0,8.139544932990948,10.798098234453015,23.807363097276085,32.54506477281494,8.139544932990948,2.6585533014620673,13.00926486282307,8.737701675538855
687.0,9.8460847582454,15.354294782510749,18.10985447922042,23.27599771525793,9.8460847582454,5.508210024265349,2.755559696709671,5.1661432360375095
688.0,3.7981110182193767,7.118896977576718,8.503013896665312,11.315320396836007,3.7981110182193767,3.320785959357341,1.3841169190885942,2.8123065001706955
689.0,3.0858536671256083,9.912079849054507,11.84976562388325,21.751460132357806,3.0858536671256083,6.826226181928899,1.9376857748287435,9.901694508474556
690.0,16.454661660882774,18.22748512446027,21.827586008934944,30.881864482467122,16.454661660882774,1.7728234635774953,3.6001008844746742,9.054278473532179
691.0,5.186805448772649,14.417162240395825,25.447071489047147,25.454018935464152,5.186805448772649,9.230356791623176,11.029909248651322,0.006947446417004954
692.0,3.112170398372342,5.685725205507701,7.228868729398368,8.52159167169108,3.112170398372342,2.573554807135359,1.5431435238906666,1.2927229422927127
693.0,0.9045790666692071,14.330047459242131,18.588244979660058,30.106186023673153,0.9045790666692071,13.425468392572924,4.2581975204179265,11.517941044013096
694.0,8.973628342268594,9.576832435391427,11.583159487859731,13.646414458291744,8.973628342268594,0.6032040931228337,2.006327052468304,2.0632549704320127
695.0,2.8998171531920036,3.866814524891417,19.70813903990087,31.794629977545693,2.8998171531920036,0.9669973716994136,15.841324515009454,12.086490937644822
696.0,10.949935593895486,17.584200374671287,19.769472627755142,28.611985293050818,10.949935593895486,6.634264780775801,2.1852722530838555,8.842512665295676
697.0,5.1051795343552975,16.667525956575805,18.15910920763557,22.075548338442005,5.1051795343552975,11.562346422220507,1.4915832510597653,3.9164391308064346
698.0,9.487403494070104,11.199396041009411,11.834471914558502,13.859009360856227,9.487403494070104,1.7119925469393067,0.6350758735490913,2.0245374462977246
699.0,0.5370212020115375,2.8269563543579324,12.333865864003695,19.192302674526424,0.5370212020115375,2.289935152346395,9.506909509645762,6.858436810522729
700.0,10.728071627543816,10.910880923568982,22.529924623977465,23.867131460818854,10.728071627543816,0.18280929602516593,11.619043700408483,1.3372068368413892
701.0,18.98215173038866,26.891529640601334,27.964895602427216,34.98636860804795,18.98215173038866,7.9093779102126724,1.073365961825882,7.021473005620731
702.0,3.833181507230364,10.862261157874894,30.94633513445217,34.82982286821948,3.833181507230364,7.02907965064453,20.084073976577276,3.8834877337673106
703.0,7.0054824007000285,20.026291197891776,26.67413961830226,30.43490825115337,7.0054824007000285,13.020808797191748,6.647848420410483,3.7607686328511107
704.0,7.925834711120089,17.771175718202976,19.414047172005198,22.571131018625376,7.925834711120089,9.845341007082887,1.642871453802222,3.1570838466201785
705.0,18.705128213310843,20.92487305194712,24.752909310336946,31.09417780777475,18.705128213310843,2.2197448386362773,3.828036258389826,6.341268497437802
706.0,2.7012344179688483,5.473184636419614,11.027481756983846,19.76029019678157,2.7012344179688483,2.7719502184507654,5.554297120564232,8.732808439797722
707.0,1.4081854396425442,7.224235687761961,14.53458776285294,20.21799802320993,1.4081854396425442,5.816050248119417,7.310352075090979,5.68341026035699
708.0,2.223922705516948,15.51844048613276,26.99655354389948,33.658586436901636,2.223922705516948,13.294517780615813,11.47811305776672,6.662032893002156
709.0,7.324472917742195,17.383680640005043,22.10015557856318,22.143065212917964,7.324472917742195,10.059207722262848,4.716474938558136,0.04290963435478545
710.0,10.511022868189535,11.385460617540655,14.283444391363126,28.137739442429982,10.511022868189535,0.8744377493511202,2.897983773822471,13.854295051066856
711.0,8.872077010256678,12.99103095331035,24.473288813550347,33.56086777806326,8.872077010256678,4.118953943053672,11.482257860239997,9.087578964512915
712.0,2.1872298496686753,9.145713975448547,18.30579211047871,18.417255619889453,2.1872298496686753,6.958484125779872,9.160078135030162,0.11146350941074346
713.0,12.512985958574546,18.738487091538072,20.00117215671648,28.824500259251145,12.512985958574546,6.225501132963526,1.262685065178406,8.823328102534667
714.0,3.912050676101181,4.685848681274461,10.919504291411297,32.97577977701747,3.912050676101181,0.7737980051732798,6.233655610136836,22.056275485606175
715.0,4.403232518498051,8.892034717607974,13.324191198583012,24.453650276555692,4.403232518498051,4.488802199109923,4.4321564809750384,11.12945907797268
716.0,2.862184884771949,3.5274402811251697,13.584737583587383,33.98961834072704,2.862184884771949,0.6652553963532206,10.057297302462214,20.404880757139658
717.0,0.3133703229166329,3.723336189119042,4.08711391287218,16.60454566240837,0.3133703229166329,3.409965866202409,0.3637777237531381,12.51743174953619
718.0,2.1204686596994975,3.1569519325410518,9.82536601178074,13.411945724869039,2.1204686596994975,1.0364832728415543,6.668414079239689,3.586579713088298
719.0,10.294329342768108,21.838181049721168,25.56851103973158,26.314829795915497,10.294329342768108,11.54385170695306,3.7303299900104108,0.7463187561839177
720.0,2.2711489040041286,17.823870861244277,20.72003663286481,25.85145353401277,2.2711489040041286,15.552721957240148,2.8961657716205345,5.131416901147958
721.0,4.624771848821993,9.555813727921151,16.424499991521536,31.997151185952244,4.624771848821993,4.931041879099158,6.8686862636003845,15.572651194430708
722.0,4.581621062467104,5.864641534576403,16.779235705606247,33.586286226963416,4.581621062467104,1.2830204721092997,10.914594171029844,16.80705052135717
723.0,0.250380008055636,10.233346069391025,16.29659405422592,27.720942326387668,0.250380008055636,9.98296606133539,6.063247984834895,11.424348272161748
724.0,17.159924145138692,21.375968891642735,23.93419991061986,25.949616649672983,17.159924145138692,4.216044746504043,2.558231018977125,2.015416739053123
725.0,0.3548006291838348,8.532034174460566,18.30461939743105,31.747394379274873,0.3548006291838348,8.177233545276732,9.772585222970484,13.442774981843822
726.0,1.0622682045882286,3.0940998992516526,11.894247327621908,34.75332253186519,1.0622682045882286,2.031831694663424,8.800147428370256,22.85907520424328
727.0,5.088191322893923,15.339340766654384,16.33662814054854,33.753813764394174,5.088191322893923,10.251149443760461,0.9972873738941566,17.417185623845633
728.0,16.615110076559326,17.09886256873611,18.48653318387555,34.61612957781761,16.615110076559326,0.48375249217678373,1.3876706151394416,16.12959639394206
729.0,18.11330006195432,23.692813820086545,27.211363951555594,34.35447671541604,18.11330006195432,5.579513758132226,3.5185501314690484,7.143112763860447
730.0,2.1648410906702082,4.621767173311891,6.0890274001654205,32.53753179790956,2.1648410906702082,2.456926082641683,1.4672602268535293,26.448504397744138
731.0,4.707784907097601,9.724999095742465,20.390554284721347,22.283914407638328,4.707784907097601,5.017214188644864,10.665555188978882,1.893360122916981
732.0,8.49335210426986,25.448140988829095,27.988025633395534,28.389597941884183,8.49335210426986,16.954788884559235,2.5398846445664383,0.40157230848864955
733.0,3.7198004717266038,7.2074076216355465,8.05822161714623,10.464903895378164,3.7198004717266038,3.4876071499089427,0.8508139955106842,2.4066822782319335
734.0,13.068048849028038,15.205603617800605,15.511281314798016,15.955810261821838,13.068048849028038,2.137554768772567,0.3056776969974102,0.44452894702382295
735.0,2.0246481087457155,10.682797048238754,20.78770173555493,32.1219076484659,2.0246481087457155,8.658148939493039,10.104904687316175,11.33420591291097
736.0,19.657519205343554,22.356494906302114,25.4119488480585,30.98736528913725,19.657519205343554,2.6989757009585595,3.0554539417563866,5.575416441078751
737.0,0.11103116785385936,1.921359255130234,6.732645290112593,8.279524651810942,0.11103116785385936,1.8103280872763747,4.811286034982359,1.5468793616983483
738.0,10.302532672202307,20.422227096778165,30.48779264025174,32.04533064132988,10.302532672202307,10.119694424575858,10.065565543473575,1.557538001078143
739.0,0.13535910306936927,3.4464693545094995,19.730824242516313,31.904106646776917,0.13535910306936927,3.3111102514401303,16.284354888006813,12.173282404260604
740.0,11.609593542276762,12.326253468240775,16.161332463429364,34.05320243289078,11.609593542276762,0.716659925964013,3.8350789951885886,17.891869969461414
741.0,2.7067184032142464,2.8753192317295344,18.111080529117594,21.21054208724758,2.7067184032142464,0.16860082851528801,15.23576129738806,3.0994615581299847
742.0,4.770308362211338,7.491462196057583,17.10174786001568,33.33762893913386,4.770308362211338,2.7211538338462447,9.610285663958098,16.235881079118176
743.0,6.069695742897455,12.003322605328279,12.013982238847635,24.227060291551815,6.069695742897455,5.933626862430824,0.010659633519356504,12.21307805270418
744.0,6.186083285197817,7.400728845197023,16.705468944572406,22.882565301352958,6.186083285197817,1.2146455599992052,9.304740099375383,6.177096356780552
745.0,15.64803051069062,21.486509362564053,26.25612854043042,29.698246275437842,15.64803051069062,5.8384788518734325,4.7696191778663675,3.4421177350074217
746.0,10.150752644856432,24.127593843721684,25.509038095663236,32.82979435210752,10.150752644856432,13.976841198865252,1.3814442519415522,7.320756256444284
747.0,9.787403140083509,12.593219160613792,18.244708003106677,21.788992770000984,9.787403140083509,2.8058160205302833,5.651488842492885,3.5442847668943074
748.0,3.0651622785912345,14.498706567322813,15.69106439551748,23.10956831453791,3.0651622785912345,11.433544288731579,1.192357828194666,7.418503919020431
749.0,2.811762032606808,5.996090318554263,15.270631540010168,33.50346803460166,2.811762032606808,3.184328285947455,9.274541221455905,18.232836494591492
750.0,7.462720664032425,19.75483021645783,23.204357458455952,28.863819165157757,7.462720664032425,12.292109552425405,3.4495272419981227,5.659461706701805
751.0,0.6367210626422732,2.4526444687655413,4.97766862670025,23.604318361868533,0.6367210626422732,1.815923406123268,2.525024157934709,18.626649735168282
752.0,5.548059628480168,20.041175807693993,21.245329853365668,22.342721692836918,5.548059628480168,14.493116179213825,1.2041540456716753,1.0973918394712499
753.0,4.091048862082882,15.542657782432851,25.101240948120644,34.82662185911845,4.091048862082882,11.451608920349969,9.558583165687793,9.725380910997803
754.0,10.607891202610098,11.79655603848856,20.645213159538308,34.47129205321665,10.607891202610098,1.1886648358784626,8.848657121049747,13.826078893678343
755.0,14.589512858627124,17.69703189485425,23.97565924726264,23.992605728290975,14.589512858627124,3.1075190362271243,6.278627352408392,0.016946481028334404
756.0,15.44784306444549,18.584170375275367,22.627943645000013,31.732305208142478,15.44784306444549,3.136327310829877,4.043773269724646,9.104361563142465
757.0,2.335397203728455,6.646047198330422,12.683812401952544,19.398918194406644,2.335397203728455,4.310649994601967,6.037765203622122,6.7151057924541
758.0,7.406459659237939,7.940210999575786,12.595654462067266,12.925714595442063,7.406459659237939,0.5337513403378473,4.65544346249148,0.330060133374797
759.0,6.1331123749645045,14.348953214226974,17.8957739266613,21.736956908924544,6.1331123749645045,8.21584083926247,3.546820712434325,3.841182982263245
760.0,3.3729223245084157,8.677790470618145,20.48419467466273,29.597378696243982,3.3729223245084157,5.30486814610973,11.806404204044586,9.113184021581251
761.0,1.4539004783189071,4.432292317637167,5.116018916283021,18.616402583207048,1.4539004783189071,2.9783918393182596,0.6837265986458547,13.500383666924026
762.0,3.0321120229087164,5.266409138705157,20.59658907129399,33.80176252351321,3.0321120229087164,2.2342971157964406,15.330179932588834,13.20517345221922
763.0,10.073255597782232,10.14333912825461,19.612900785869282,25.121900899557136,10.073255597782232,0.07008353047237748,9.469561657614673,5.509000113687854
764.0,0.5483443856787318,1.9173680132926023,3.419550360236851,3.7344374235786333,0.5483443856787318,1.3690236276138705,1.5021823469442488,0.3148870633417822
765.0,3.139639893875721,8.231774631922669,12.216429544296776,25.907741838919886,3.139639893875721,5.092134738046948,3.9846549123741077,13.69131229462311
766.0,12.822452640241604,18.678055943254087,22.38313278636504,30.844084679020472,12.822452640241604,5.855603303012483,3.7050768431109518,8.460951892655434
767.0,5.952841113611598,9.615808031469754,12.653564453224984,29.09091740174597,5.952841113611598,3.6629669178581565,3.0377564217552298,16.437352948520985
768.0,3.566357985679698,11.23473882686178,13.173505976532738,25.34185945993503,3.566357985679698,7.668380841182081,1.9387671496709586,12.168353483402292
769.0,12.052069205845406,15.041035208838597,15.906736303279246,32.77702775294501,12.052069205845406,2.988966002993191,0.8657010944406487,16.870291449665764
770.0,2.410793309942548,13.627410509652183,22.624591622452883,30.054148223157426,2.410793309942548,11.216617199709635,8.9971811128007,7.429556600704544
771.0,10.19537776240643,20.971456917221108,21.557753085099048,26.692430650479036,10.19537776240643,10.776079154814678,0.5862961678779399,5.134677565379988
772.0,3.6993006752485087,4.782026340710097,5.720053292232738,32.96868582806804,3.6993006752485087,1.082725665461588,0.9380269515226409,27.248632535835302
773.0,4.721921152589751,13.537941677829117,28.106755148012507,31.08238547515934,4.721921152589751,8.816020525239367,14.56881347018339,2.9756303271468347
774.0,6.922472380988381,9.730277491178242,15.959892372837547,24.87616157946788,6.922472380988381,2.807805110189861,6.229614881659305,8.916269206630332
775.0,1.3427217086835412,10.774471956217791,17.73053059040865,32.949470437529165,1.3427217086835412,9.43175024753425,6.95605863419086,15.218939847120513
776.0,8.946267939714748,21.602932193019978,29.409372367420485,31.4390059938417,8.946267939714748,12.65666425330523,7.806440174400507,2.029633626421216
777.0,4.8533079878692185,6.227996117334669,12.24608624872215,27.86786114312371,4.8533079878692185,1.3746881294654507,6.018090131387481,15.621774894401561
778.0,0.6712103560662328,4.489842533241564,25.68484857611962,34.61492790015814,0.6712103560662328,3.8186321771753313,21.195006042878056,8.930079324038523
779.0,7.348601507332653,10.649583484767565,13.547027785483543,16.938116624321125,7.348601507332653,3.300981977434912,2.8974443007159785,3.3910888388375824
780.0,2.304657193573938,13.985556344770512,19.117795962911686,30.08895676348257,2.304657193573938,11.680899151196574,5.132239618141174,10.971160800570885
781.0,8.054806856068318,11.618475657128254,12.85173549864416,16.277491257437827,8.054806856068318,3.5636688010599364,1.2332598415159062,3.4257557587936667
782.0,2.9654062256110763,7.182197173536633,29.70618973635079,33.72660423877409,2.9654062256110763,4.216790947925556,22.523992562814158,4.0204145024232965
783.0,8.5618399354906,23.889001221458614,28.55404946682218,32.72009627902262,8.5618399354906,15.327161285968014,4.665048245363565,4.166046812200442
784.0,4.468937970455535,15.682252051822871,28.19436154157691,32.991904028575384,4.468937970455535,11.213314081367336,12.512109489754039,4.7975424869984735
785.0,5.388957383933743,17.392639727016125,17.909163982830187,27.842793545432038,5.388957383933743,12.003682343082382,0.5165242558140619,9.933629562601851
786.0,1.8473142488506014,7.817305706363783,18.671842375531565,24.54831871187435,1.8473142488506014,5.969991457513181,10.854536669167782,5.876476336342787
787.0,2.544619910264501,2.9532074490265714,20.3691085711677,31.002145176516272,2.544619910264501,0.4085875387620703,17.41590112214113,10.633036605348572
788.0,4.654197863189189,6.909416526975956,26.977366128994447,34.0855509465519,4.654197863189189,2.255218663786767,20.06794960201849,7.108184817557451
789.0,2.7453257295451223,6.818433546341009,7.1815498985627855,12.087846139383764,2.7453257295451223,4.073107816795886,0.36311635222177685,4.9062962408209785
790.0,4.861584628663223,10.507739592339437,22.973856920094303,32.35375908172645,4.861584628663223,5.646154963676214,12.466117327754866,9.379902161632149
791.0,2.441560231121656,5.057015428055163,23.029072351723354,29.910988528024113,2.441560231121656,2.6154551969335067,17.97205692366819,6.881916176300759
792.0,4.038512972821081,10.008781044216867,11.801953776712182,14.58123755945076,4.038512972821081,5.970268071395786,1.7931727324953144,2.7792837827385775
793.0,1.3914039216941063,2.341318174657694,17.90635837152007,28.905254318649774,1.3914039216941063,0.9499142529635876,15.565040196862377,10.998895947129704
794.0,8.849827951217076,9.490822644988533,21.785332311056006,26.6384581852968,8.849827951217076,0.6409946937714572,12.294509666067473,4.853125874240792
795.0,0.4072959086420198,14.572716261020762,24.16860477728447,29.583607265503797,0.4072959086420198,14.165420352378742,9.59588851626371,5.415002488219326
796.0,6.950334441214775,11.409995775515462,17.639673884920217,32.38731845678624,6.950334441214775,4.459661334300687,6.229678109404755,14.747644571866022
797.0,3.5117984929428303,6.175273560504326,13.747889103080283,31.97437090563404,3.5117984929428303,2.663475067561496,7.5726155425759565,18.226481802553756
798.0,3.7918044640450184,12.101857653268272,12.740614047468085,18.10214711904146,3.7918044640450184,8.310053189223254,0.6387563941998131,5.361533071573376
799.0,1.9921349692570445,18.130183764395323,24.119936896530994,28.562861124304433,1.9921349692570445,16.13804879513828,5.989753132135672,4.442924227773439
800.0,1.7876592867939962,4.996919363164338,16.461566619296747,16.798193747004465,1.7876592867939962,3.2092600763703416,11.464647256132409,0.3366271277077182
801.0,1.082522945014091,1.6157368442697546,8.469560241901736,14.108626413447805,1.082522945014091,0.5332138992556636,6.853823397631981,5.6390661715460695
802.0,0.8271929050401425,9.709147469569729,19.67735624985213,33.54399988051445,0.8271929050401425,8.881954564529586,9.968208780282403,13.866643630662317
803.0,4.585609710026219,5.9896484695631855,15.273203930870938,29.438652859657058,4.585609710026219,1.4040387595369666,9.283555461307753,14.16544892878612
804.0,2.21976570666758,18.161501409449773,23.211759765401304,33.869115997210486,2.21976570666758,15.941735702782193,5.050258355951531,10.657356231809182
805.0,1.6289727372230942,1.9906540410395195,4.249945188492141,15.215846590796499,1.6289727372230942,0.36168130381642527,2.259291147452622,10.965901402304358
806.0,6.158786275800914,16.00479015136041,16.74805905106763,27.553993982237692,6.158786275800914,9.846003875559497,0.7432688997072212,10.80593493117006
807.0,6.185880205372374,12.370780673174199,20.683501590941738,22.680985457305276,6.185880205372374,6.184900467801825,8.312720917767539,1.9974838663635381
808.0,14.076981781599802,16.398773914962245,20.62119054369827,29.86416665338782,14.076981781599802,2.321792133362443,4.222416628736024,9.24297610968955
809.0,1.0315951037912683,4.123918611874824,15.205722148750432,18.346008262046,1.0315951037912683,3.092323508083556,11.081803536875608,3.1402861132955664
810.0,12.456205320016736,13.098476371680434,19.377548234329208,32.05583488715773,12.456205320016736,0.6422710516636982,6.279071862648774,12.678286652828522
811.0,1.0990237495976771,2.271696626932858,22.061924371544386,34.48839903547919,1.0990237495976771,1.1726728773351809,19.790227744611528,12.426474663934805
812.0,3.7563729386117473,7.236586924821157,9.531289241182549,21.269026075002085,3.7563729386117473,3.48021398620941,2.2947023163613913,11.737736833819536
813.0,5.114872476512943,11.200827910399582,20.03681957798514,29.76953812499273,5.114872476512943,6.085955433886639,8.835991667585557,9.732718547007593
814.0,1.3926561829975057,19.739986402022332,21.860211986641175,28.76167652918204,1.3926561829975057,18.347330219024826,2.1202255846188436,6.9014645425408645
815.0,12.458421952141101,14.414907592902875,21.768290520458763,34.4930566676201,12.458421952141101,1.9564856407617732,7.353382927555888,12.72476614716134
816.0,2.5741470449066384,7.9058900829781145,10.82578813250855,33.982552187679445,2.5741470449066384,5.331743038071476,2.9198980495304347,23.156764055170896
817.0,13.25634304255,20.070793467664096,21.89295204148915,24.245718316998037,13.25634304255,6.814450425114096,1.8221585738250532,2.3527662755088876
818.0,4.4274788305224675,5.49099212322513,17.035287113276475,19.692280080204277,4.4274788305224675,1.0635132927026625,11.544294990051345,2.6569929669278025
819.0,3.641550483340712,5.387391724755396,7.928231356752178,16.594373586096424,3.641550483340712,1.7458412414146842,2.540839631996782,8.666142229344246
820.0,0.32571076884669026,13.869034623398122,20.438535874758166,30.72179580804204,0.32571076884669026,13.543323854551431,6.569501251360045,10.283259933283873
821.0,1.6858276715062246,7.884326511642147,28.171154690085856,29.13531642308302,1.6858276715062246,6.1984988401359224,20.28682817844371,0.9641617329971623
822.0,1.6986196616116942,5.912705749914558,13.163883499699029,20.28931712039739,1.6986196616116942,4.214086088302864,7.251177749784471,7.1254336206983595
823.0,1.5641015609628965,7.46763519568734,9.938490341842126,19.50856264104095,1.5641015609628965,5.903533634724443,2.4708551461547863,9.570072299198824
824.0,6.991304283634474,17.3381069675751,28.394442483328508,30.077373034902088,6.991304283634474,10.346802683940627,11.056335515753407,1.6829305515735804
825.0,10.841802003712935,16.93251910321853,17.426955786973288,24.077536075209206,10.841802003712935,6.090717099505596,0.49443668375475625,6.650580288235918
826.0,3.884796324064542,9.534785012694549,13.410077443495567,34.493953085975335,3.884796324064542,5.649988688630007,3.875292430801018,21.083875642479768
827.0,5.425837605653268,11.597821570809632,13.11183386629122,15.560664876807135,5.425837605653268,6.171983965156365,1.5140122954815887,2.4488310105159137
828.0,9.66390128304742,11.809237900523435,22.852803242078668,25.448190750642404,9.66390128304742,2.1453366174760156,11.043565341555233,2.5953875085637357
829.0,6.681918918614063,7.4161465495005885,13.083062342675973,20.03420689380646,6.681918918614063,0.7342276308865259,5.666915793175384,6.951144551130486
830.0,14.756564863944657,20.87705862373563,26.201250081911585,33.88027527588096,14.756564863944657,6.120493759790971,5.324191458175957,7.679025193969377
831.0,2.1648970025912675,3.38009375986649,5.638819636950213,10.127322383834045,2.1648970025912675,1.2151967572752227,2.258725877083723,4.488502746883832
832.0,1.80419787755104,1.9637328345916885,8.462306353705305,34.099837665519146,1.80419787755104,0.15953495704064835,6.4985735191136165,25.63753131181384
833.0,4.029524580647745,15.381279407701662,25.59471621776617,34.50631378174267,4.029524580647745,11.351754827053917,10.213436810064508,8.9115975639765
834.0,4.493601944105084,5.763005755625517,9.658923421044179,26.782615011627897,4.493601944105084,1.2694038115204336,3.8959176654186614,17.123691590583718
835.0,3.5099022475268953,22.388659794383774,29.702955693045958,30.51229496299495,3.5099022475268953,18.87875754685688,7.314295898662184,0.8093392699489925
836.0,3.829472004200287,6.618791306016629,31.170986023272484,34.632144567790334,3.829472004200287,2.7893193018163416,24.552194717255855,3.4611585445178505
837.0,2.232653363312167,4.5125345375018,12.525710728312816,19.167224985578052,2.232653363312167,2.279881174189633,8.013176190811016,6.641514257265236
838.0,8.63822134882729,11.334218728640447,14.223500338962648,20.195318682396664,8.63822134882729,2.695997379813157,2.8892816103222003,5.971818343434016
839.0,1.894435631855579,11.27516024270204,13.025611894146138,26.25241581184205,1.894435631855579,9.38072461084646,1.7504516514440986,13.22680391769591
840.0,5.2176247831632345,6.141636215319632,12.0804930265471,28.226599916118325,5.2176247831632345,0.9240114321563979,5.938856811227467,16.146106889571225
841.0,9.538164058616434,13.074430751440197,16.18506818881272,21.44083002820981,9.538164058616434,3.5362666928237623,3.1106374373725245,5.255761839397088
842.0,3.5295073715603706,7.615835720662993,15.060630859321453,34.536431253272546,3.5295073715603706,4.086328349102622,7.44479513865846,19.475800393951094
843.0,24.761483434042148,26.258674969441675,26.87192865407176,28.31558559071167,24.761483434042148,1.4971915353995264,0.6132536846300845,1.4436569366399112
844.0,6.592761907706141,7.068782984131349,24.956496376753023,29.705500998238357,6.592761907706141,0.47602107642520863,17.887713392621674,4.749004621485334
845.0,7.26160736847066,7.535032185321796,8.121342746386546,23.813658016374696,7.26160736847066,0.2734248168511364,0.5863105610647494,15.69231526998815
846.0,2.6952761603324475,5.805906952967344,12.580425630612549,33.208781726458966,2.6952761603324475,3.110630792634897,6.774518677645204,20.628356095846417
847.0,0.4230050518070456,2.5794082205934075,19.892229905584195,26.20510856722109,0.4230050518070456,2.156403168786362,17.312821684990787,6.312878661636894
848.0,0.7115344373979795,7.933295562014354,22.148879713677253,33.89925043945527,0.7115344373979795,7.221761124616375,14.215584151662899,11.75037072577802
849.0,3.490951366188,4.270895535638335,10.293058324192408,12.61136293227641,3.490951366188,0.7799441694503351,6.022162788554073,2.318304608084002
850.0,2.225930522137638,7.580953251817178,12.283700606334111,13.556751158754562,2.225930522137638,5.35502272967954,4.702747354516934,1.2730505524204503
851.0,4.199433429714649,5.79555134285097,17.45475079132697,34.99313590700066,4.199433429714649,1.5961179131363217,11.659199448475999,17.538385115673687
852.0,1.6379784906051427,1.6773898115318246,3.9409308238100813,16.92135985998764,1.6379784906051427,0.03941132092668198,2.2635410122782567,12.980429036177558
853.0,1.74287769283265,5.69729885100519,20.33502003147364,34.55983813305668,1.74287769283265,3.95442115817254,14.63772118046845,14.22481810158304
854.0,5.055730835442301,8.38497009672301,8.492539246185977,20.536648238255744,5.055730835442301,3.3292392612807085,0.10756914946296803,12.044108992069766
855.0,5.23870929768519,11.358764499667746,34.23603849782427,34.33742115180687,5.23870929768519,6.120055201982556,22.87727399815652,0.10138265398260415
856.0,6.210684237923278,19.665418448062006,28.035780662819192,32.96876335050211,6.210684237923278,13.454734210138728,8.370362214757186,4.932982687682916
857.0,0.59479490084464,16.206173673256817,33.13642500495003,34.942348367337694,0.59479490084464,15.611378772412177,16.93025133169321,1.8059233623876665
858.0,6.1717053807507085,16.08329029521019,16.889796549131848,17.32332531848617,6.1717053807507085,9.911584914459482,0.8065062539216576,0.4335287693543215
859.0,1.1263577865248635,1.1721002348175418,2.5207681531359043,17.72611914259504,1.1263577865248635,0.04574244829267826,1.3486679183183625,15.205350989459134
860.0,0.9912007553405005,7.693996706053085,30.658287545181256,30.894273028472433,0.9912007553405005,6.702795950712584,22.96429083912817,0.2359854832911772
861.0,7.36910083654395,12.129270874226698,15.016368345712472,24.054563539524594,7.36910083654395,4.760170037682748,2.887097471485774,9.038195193812122
862.0,0.1769204770714623,1.016126916138937,3.7557055330074753,14.790249250818054,0.1769204770714623,0.8392064390674747,2.7395786168685383,11.034543717810578
863.0,2.519332996462893,9.118924699268472,10.608936612232238,24.81537536087517,2.519332996462893,6.599591702805579,1.490011912963766,14.206438748642931
864.0,0.6605959453558299,0.7252936073169778,23.127391926682577,33.356774724402534,0.6605959453558299,0.0646976619611479,22.4020983193656,10.229382797719957
865.0,1.4114344158463652,1.8819990180507418,6.725764691214138,22.62071074121041,1.4114344158463652,0.47056460220437657,4.8437656731633965,15.894946049996271
866.0,1.1966907213071494,12.7660930475583,32.696153850892806,34.82546412977259,1.1966907213071494,11.56940232625115,19.930060803334506,2.1293102788797853
867.0,2.595155444226009,4.106032520807524,15.42882992767473,15.615024862819045,2.595155444226009,1.5108770765815152,11.322797406867206,0.1861949351443144
868.0,1.8774403507536164,6.815796179552876,13.430100502457506,34.28846228190701,1.8774403507536164,4.93835582879926,6.61430432290463,20.858361779449503
869.0,2.4002187823174737,5.459121304405045,6.211810533988455,12.378586169754751,2.4002187823174737,3.058902522087571,0.7526892295834102,6.166775635766296
870.0,3.9597215421470864,10.331706497656977,15.835645245161867,33.219658181305384,3.9597215421470864,6.371984955509891,5.50393874750489,17.384012936143517
871.0,3.095674545501371,4.471154219532721,9.0631658010136,10.600886652930996,3.095674545501371,1.3754796740313502,4.592011581480879,1.5377208519173955
872.0,12.865972315495423,24.73575262712047,25.134475286946408,30.51649921373743,12.865972315495423,11.869780311625046,0.398722659825939,5.382023926791021
873.0,1.299160855487628,21.33812503945358,22.737035153383882,32.62094814150126,1.299160855487628,20.038964183965952,1.3989101139303024,9.883912988117377
874.0,6.6522172382398495,15.187966653954149,21.345386253649277,26.16800938576121,6.6522172382398495,8.5357494157143,6.157419599695128,4.822623132111932
875.0,4.004725623338789,17.012038506287112,30.685860328496656,31.444709016724246,4.004725623338789,13.007312882948323,13.673821822209543,0.7588486882275909
876.0,0.7805636156355362,2.7706224522690803,8.253312177107901,15.162600435610006,0.7805636156355362,1.990058836633544,5.482689724838821,6.909288258502105
877.0,10.198521506599917,18.038339673841822,19.80363950551059,21.75092888241096,10.198521506599917,7.839818167241905,1.7652998316687665,1.9472893769003718
878.0,1.9895574993915233,3.080741131613575,6.489721694023764,12.46551183458499,1.9895574993915233,1.0911836322220516,3.408980562410189,5.975790140561227
879.0,4.232335961165678,4.991384006142564,13.901685682509118,27.853002123384904,4.232335961165678,0.7590480449768862,8.910301676366554,13.951316440875786
880.0,1.9479825210313422,7.695523989541165,11.818008751651874,14.0169010321253,1.9479825210313422,5.747541468509823,4.122484762110709,2.1988922804734266
881.0,3.800118317027387,4.113960648482436,7.521594316998016,18.447992817595892,3.800118317027387,0.31384233145504936,3.4076336685155795,10.926398500597877
882.0,1.5404562808268807,9.105943811741888,10.209848297880885,34.629103685302105,1.5404562808268807,7.565487530915007,1.1039044861389975,24.41925538742122
883.0,4.720083613902503,5.733392603773346,27.73400831336778,30.594945846900288,4.720083613902503,1.0133089898708434,22.000615709594435,2.860937533532507
884.0,1.6573630584968413,4.8220468799990535,7.5366436961427645,12.945988074174391,1.6573630584968413,3.164683821502212,2.714596816143711,5.409344378031626
885.0,12.864978116222321,14.653051334999152,14.75145415666574,24.340460000465782,12.864978116222321,1.7880732187768302,0.09840282166658909,9.589005843800042
886.0,7.462339919886947,8.111433423129359,21.5685310628626,30.845370099796096,7.462339919886947,0.6490935032424119,13.457097639733242,9.276839036933495
887.0,8.751217346786294,12.848189716713517,14.999750220306574,20.58452025732116,8.751217346786294,4.096972369927222,2.151560503593057,5.584770037014586
888.0,11.905590655909421,11.960531564372015,29.069213087246673,30.74441828385516,11.905590655909421,0.05494090846259425,17.108681522874658,1.6752051966084878
889.0,8.988572121170932,10.079420200436719,17.806094955280752,17.99917483113502,8.988572121170932,1.0908480792657862,7.7266747548440335,0.19307987585426645
890.0,1.2671638743982498,10.532424898839487,11.153993856085119,13.044506201926069,1.2671638743982498,9.265261024441237,0.621568957245632,1.8905123458409498
891.0,2.883893029921282,4.717190926338553,6.369627883997264,23.67251683780593,2.883893029921282,1.833297896417271,1.6524369576587112,17.302888953808665
892.0,1.7597914026031631,11.132961353257457,14.662324425728343,27.220292795082944,1.7597914026031631,9.373169950654294,3.529363072470886,12.557968369354601
893.0,0.3026685127533142,2.9354976683706298,7.949534323892159,19.07942729699045,0.3026685127533142,2.6328291556173156,5.014036655521529,11.12989297309829
894.0,11.045328583653255,19.092970690976152,27.62925821765495,28.393869864470055,11.045328583653255,8.047642107322897,8.536287526678798,0.764611646815105
895.0,2.5830391926211433,3.585548941636951,5.718024267875361,15.237874004838165,2.5830391926211433,1.0025097490158075,2.13247532623841,9.519849736962804
896.0,1.3580898147091247,8.45056394094295,13.336228509708992,20.13282590684596,1.3580898147091247,7.0924741262338244,4.8856645687660425,6.796597397136967
897.0,4.768468881078697,6.417027162560643,10.21320883409608,23.5634203623505,4.768468881078697,1.6485582814819466,3.796181671535436,13.35021152825442
898.0,7.30338552131883,9.760695015954273,17.741925579303192,27.08502224682132,7.30338552131883,2.4573094946354423,7.98123056334892,9.343096667518129
899.0,3.2163793202101267,5.349058881247288,16.26184985697791,17.790833834794505,3.2163793202101267,2.132679561037161,10.912790975730623,1.5289839778165941
900.0,1.666254045251712,11.064333993903368,13.760730216501553,21.09123686876129,1.666254045251712,9.398079948651656,2.6963962225981852,7.330506652259736
901.0,5.400855279178021,10.814979856507897,13.296080576740689,19.342735840333017,5.400855279178021,5.414124577329876,2.481100720232792,6.046655263592328
902.0,1.5119126743895706,5.973376528593327,12.697632816227557,20.24255027618143,1.5119126743895706,4.461463854203757,6.72425628763423,7.544917459953872
903.0,3.215782861373082,7.088471485796443,19.87000557106277,25.368377593264977,3.215782861373082,3.872688624423361,12.781534085266326,5.498372022202208
904.0,22.508840099982216,30.861244229221295,31.587363444264774,34.492501995549155,22.508840099982216,8.35240412923908,0.7261192150434788,2.905138551284381
905.0,2.0452737750254997,2.1700511854331026,9.980091427135708,25.578633635188854,2.0452737750254997,0.12477741040760293,7.810040241702605,15.598542208053146
906.0,3.72297585538708,7.437898997049459,8.301741969732337,13.008918647655658,3.72297585538708,3.7149231416623785,0.8638429726828782,4.7071766779233215
907.0,0.5239291526822001,3.4259414967121415,30.125471044366208,32.80457326105634,0.5239291526822001,2.9020123440299415,26.699529547654066,2.679102216690133
908.0,2.3527595010083218,7.54575664156139,9.20471332897743,26.526610941392043,2.3527595010083218,5.192997140553068,1.6589566874160404,17.321897612414613
909.0,3.0607063046670326,7.230408552228145,15.072529216218864,21.06731808130625,3.0607063046670326,4.169702247561112,7.84212066399072,5.994788865087386
910.0,3.2992482765804176,7.734801097370394,20.337410126789596,25.071776097140813,3.2992482765804176,4.435552820789976,12.602609029419202,4.734365970351217
911.0,3.5251862595795913,5.451267975997709,8.64528804557196,17.679474946005733,3.5251862595795913,1.9260817164181177,3.1940200695742504,9.034186900433774
912.0,5.783586801200389,6.0775180289886634,13.945538593078982,21.93350452997972,5.783586801200389,0.2939312277882742,7.868020564090319,7.987965936900739
913.0,4.419279425680756,6.6657770497219,12.13607771769755,23.986739017239,4.419279425680756,2.246497624041144,5.47030066797565,11.85066129954145
914.0,1.536320031520816,5.407403908172817,21.102878991696244,25.51197245606744,1.536320031520816,3.8710838766520013,15.695475083523426,4.409093464371196
915.0,5.065383352943851,7.800079402503641,8.087195891055643,25.682924901779156,5.065383352943851,2.7346960495597905,0.28711648855200167,17.595729010723513
916.0,8.257073959522291,15.248454671038697,19.190151011130084,21.582369438259235,8.257073959522291,6.991380711516406,3.9416963400913865,2.3922184271291513
917.0,4.853460444218236,10.455220895240167,28.306494192114723,29.471553949375725,4.853460444218236,5.601760451021931,17.851273296874556,1.1650597572610017
918.0,1.7947438917710201,2.9807205094519915,19.463130316822433,34.38581271451034,1.7947438917710201,1.1859766176809714,16.48240980737044,14.922682397687904
919.0,4.561280010061534,11.492898784967931,17.05532555071304,27.57802387659251,4.561280010061534,6.931618774906397,5.5624267657451085,10.522698325879471
920.0,7.38766283823486,8.091892516382,12.733431697426177,12.947233774717798,7.38766283823486,0.70422967814714,4.641539181044177,0.21380207729162137
921.0,3.061070937970314,8.02710487863444,13.185716095684093,16.97916999843141,3.061070937970314,4.966033940664126,5.158611217049653,3.7934539027473164
922.0,2.143343973728868,2.1722880543914656,3.4170990133561183,7.207344287614859,2.143343973728868,0.02894408066259757,1.2448109589646528,3.7902452742587407
923.0,4.180690010443708,13.594218489719207,14.925600367209523,20.007110489804106,4.180690010443708,9.413528479275499,1.3313818774903154,5.081510122594583
924.0,1.5390996635819292,4.542276556157237,9.894176303719146,14.699972326547837,1.5390996635819292,3.0031768925753077,5.351899747561909,4.805796022828691
925.0,6.020124156600435,9.982407738307671,13.08673028462194,16.93998855999191,6.020124156600435,3.9622835817072364,3.1043225463142683,3.8532582753699707
926.0,13.161012943605307,27.944603818117727,30.637910398256768,33.56988798864525,13.161012943605307,14.78359087451242,2.6933065801390406,2.931977590388481
927.0,8.523489503856599,12.396736140520858,22.686998294169094,27.861690184062176,8.523489503856599,3.873246636664259,10.290262153648236,5.174691889893083
928.0,4.370661743992823,5.940847282727351,18.473224001301062,32.902152877153796,4.370661743992823,1.5701855387345276,12.532376718573712,14.428928875852733
929.0,6.239887133292747,7.667547275025676,27.30439927826926,28.73981245426727,6.239887133292747,1.4276601417329289,19.636852003243582,1.4354131759980113
930.0,10.324654114698571,14.475922968935325,17.76117874627669,28.484207478133058,10.324654114698571,4.151268854236754,3.2852557773413658,10.723028731856367
931.0,5.054471857525304,7.605058554414999,10.725320700835432,19.63316490114879,5.054471857525304,2.5505866968896953,3.1202621464204334,8.907844200313356
932.0,5.325543662653221,9.18103046445205,12.566629920374929,19.44717477793972,5.325543662653221,3.855486801798829,3.385599455922879,6.880544857564789
933.0,1.3370622575234918,2.7223689709184526,12.541027956110998,19.62897717205898,1.3370622575234918,1.3853067133949608,9.818658985192545,7.087949215947983
934.0,0.9613401813205158,1.4815337946656797,3.6237211615456957,30.16090982583598,0.9613401813205158,0.5201936133451639,2.142187366880016,26.537188664290284
935.0,11.301502103154263,23.28172500878555,26.49146007831068,30.193446499890666,11.301502103154263,11.980222905631287,3.2097350695251308,3.701986421579985
936.0,2.9270549356699505,5.656608568615358,9.063245875917758,16.353625104971293,2.9270549356699505,2.7295536329454073,3.4066373073024003,7.290379229053535
937.0,1.7539162118381384,1.894870061339759,3.503358321541352,21.811079060909364,1.7539162118381384,0.1409538495016207,1.608488260201593,18.307720739368012
938.0,1.7873984659378053,15.442578643551837,17.16388888997459,17.674999926232513,1.7873984659378053,13.655180177614032,1.7213102464227532,0.5111110362579225
939.0,5.378455607056388,8.488885070085225,10.672328833105489,19.31371797769427,5.378455607056388,3.1104294630288365,2.1834437630202643,8.641389144588782
940.0,1.8441881676631695,7.110761587542488,19.335355187740802,29.266010830300747,1.8441881676631695,5.266573419879318,12.224593600198315,9.930655642559945
941.0,12.141091463941557,15.532326335841567,25.986013776826297,28.642793809145786,12.141091463941557,3.3912348719000107,10.45368744098473,2.656780032319489
942.0,4.917536821895869,13.519882411675017,26.930948653408272,30.34110702835443,4.917536821895869,8.602345589779148,13.411066241733256,3.410158374946157
943.0,3.9094654589304767,4.944886841782722,14.022233493759217,19.962151719729704,3.9094654589304767,1.0354213828522454,9.077346651976494,5.939918225970487
944.0,6.821770786207356,11.218639072001487,12.145926222034724,30.859143998993083,6.821770786207356,4.396868285794131,0.9272871500332371,18.71321777695836
945.0,4.663558340555902,4.685420919217542,9.06362013966772,12.821254549599193,4.663558340555902,0.021862578661639986,4.378199220450178,3.757634409931473
946.0,13.569773415576318,17.309314425784603,22.917122798327554,31.621913288998556,13.569773415576318,3.739541010208285,5.6078083725429515,8.704790490671002
947.0,1.1067827733579136,3.993517700477849,32.09978242420039,33.57533290739809,1.1067827733579136,2.886734927119935,28.106264723722543,1.4755504831977007
948.0,0.306091724514566,0.5110840076049641,21.846491500877406,34.24924267959317,0.306091724514566,0.20499228309039808,21.33540749327244,12.402751178715768
949.0,1.4845847152704863,20.02287347234141,22.458940729083167,34.52667523026861,1.4845847152704863,18.538288757070923,2.436067256741758,12.067734501185441
950.0,4.972426208042062,9.876863493881658,11.51645395538478,34.839466115135075,4.972426208042062,4.904437285839595,1.639590461503122,23.323012159750295
951.0,5.128409208060077,8.277440148610776,9.198248328847797,9.287242173737503,5.128409208060077,3.1490309405506984,0.9208081802370209,0.08899384488970696
952.0,5.794741543730506,10.152981696128087,16.851438929473307,27.052364982898748,5.794741543730506,4.358240152397581,6.69845723334522,10.200926053425441
953.0,1.8656296542601467,2.5506773880104348,14.917231390106664,23.445631598532515,1.8656296542601467,0.685047733750288,12.36655400209623,8.52840020842585
954.0,5.128919010124324,23.16908061993561,24.6069640138504,30.651204168163037,5.128919010124324,18.040161609811285,1.4378833939147917,6.044240154312636
955.0,1.2124359071412982,2.7072593105343046,29.354755134074225,33.053370357808916,1.2124359071412982,1.4948234033930063,26.64749582353992,3.6986152237346914
956.0,1.943465649033989,11.73026979084019,13.442833975589583,33.12399163728566,1.943465649033989,9.7868041418062,1.712564184749393,19.68115766169608
957.0,3.457064950399083,4.110014567314398,8.924105181205856,23.36624817875734,3.457064950399083,0.6529496169153148,4.814090613891459,14.442142997551482
958.0,10.09153464454467,23.109402133052086,24.93603348903165,34.58276655386438,10.09153464454467,13.017867488507417,1.8266313559795648,9.64673306483273
959.0,11.499192691106753,13.495768134417446,20.010925789387905,27.893805239961782,11.499192691106753,1.996575443310693,6.515157654970459,7.882879450573878
960.0,4.832789152276273,6.404679351166962,10.432915050362087,28.858389260592112,4.832789152276273,1.5718901988906886,4.028235699195125,18.425474210230025
961.0,2.470585313748316,3.369897608562823,6.779135873562794,24.882530290376252,2.470585313748316,0.8993122948145071,3.4092382649999706,18.103394416813458
962.0,2.3175275054574556,10.044419679575082,12.113597104461654,18.178742134230642,2.3175275054574556,7.726892174117626,2.069177424886572,6.065145029768988
963.0,4.544314131356639,15.059618440246126,18.295537140965997,34.78194045723141,4.544314131356639,10.515304308889487,3.2359187007198713,16.48640331626541
964.0,1.3164653449652164,2.1110578261460944,21.230280211430063,32.49660162355988,1.3164653449652164,0.794592481180878,19.11922238528397,11.26632141212982
965.0,1.4329024109673156,1.6140173364589572,2.5220045461011225,5.76932043708921,1.4329024109673156,0.18111492549164154,0.9079872096421653,3.2473158909880873
966.0,5.041357939582426,17.778343959468152,29.53332824880102,34.488578219294155,5.041357939582426,12.736986019885727,11.754984289332867,4.955249970493135
967.0,4.629903062312032,5.098662288108258,15.755896500763189,31.30368832810887,4.629903062312032,0.46875922579622653,10.65723421265493,15.54779182734568
968.0,8.808054476669284,9.551166571201502,16.548207284535785,29.795780420265707,8.808054476669284,0.7431120945322185,6.9970407133342825,13.247573135729922
969.0,3.394010453795236,4.584814546062187,14.24640423222932,14.745813121656752,3.394010453795236,1.1908040922669514,9.661589686167133,0.499408889427432
970.0,3.4231014841142127,4.478365617089679,12.656284900597061,29.64474347986817,3.4231014841142127,1.0552641329754664,8.177919283507382,16.988458579271107
971.0,9.05257730786029,15.773059481860372,30.605853900592866,31.135808770588536,9.05257730786029,6.720482174000082,14.832794418732494,0.5299548699956702
972.0,3.0793106250080697,9.84057541797306,18.86620512673682,23.4879438827261,3.0793106250080697,6.76126479296499,9.02562970876376,4.621738755989281
973.0,7.2138949939144155,10.62435811142948,19.86987481159269,22.618619695831626,7.2138949939144155,3.4104631175150644,9.245516700163211,2.748744884238935
974.0,7.670740120477905,15.561072046333738,29.92633067940257,31.901020222906,7.670740120477905,7.890331925855833,14.365258633068834,1.9746895435034268
975.0,9.094690863077464,14.526565464663609,17.542569985445745,34.11371530658323,9.094690863077464,5.431874601586145,3.016004520782136,16.571145321137486
976.0,0.8210392029956779,12.2702153961067,17.2289676258629,21.87766230039109,0.8210392029956779,11.449176193111022,4.9587522297562,4.6486946745281905
977.0,2.4983560326847325,3.6967035812997153,6.918723339170555,17.932524680941416,2.4983560326847325,1.1983475486149828,3.2220197578708394,11.013801341770861
978.0,17.33985630770074,25.416388677610243,28.34228346161838,34.26253306954917,17.33985630770074,8.076532369909504,2.925894784008136,5.920249607930792
979.0,3.4631768537637733,6.092386788225976,9.052376919577313,27.50793046401772,3.4631768537637733,2.629209934462203,2.9599901313513364,18.455553544440406
980.0,0.6646722365923381,1.2178124992625854,3.8635566468858684,8.149250496220287,0.6646722365923381,0.5531402626702473,2.645744147623283,4.285693849334418
981.0,6.2430764821293145,24.348122243088536,29.269056606002103,32.18758376014474,6.2430764821293145,18.10504576095922,4.920934362913567,2.9185271541426374
982.0,13.110147571052718,14.073407158235366,15.179546166378959,16.638436949932185,13.110147571052718,0.9632595871826481,1.1061390081435931,1.458890783553226
983.0,1.8953056906762242,2.549594460128972,8.010719201023246,29.47860269458076,1.8953056906762242,0.6542887694527479,5.461124740894274,21.467883493557515
984.0,5.8776096454200975,18.95293704945011,19.38227706742849,34.52160919272902,5.8776096454200975,13.075327404030013,0.4293400179783795,15.139332125300527
985.0,0.7399004658602237,7.479338483211404,12.661071162238606,21.807611302887004,0.7399004658602237,6.73943801735118,5.181732679027203,9.146540140648398
986.0,0.8894936504474131,5.352776485413539,7.3250637281901625,14.684241579223272,0.8894936504474131,4.463282834966126,1.9722872427766234,7.35917785103311
987.0,1.2026190917887902,11.757598214615214,17.622758132836836,18.326410464399157,1.2026190917887902,10.554979122826424,5.865159918221622,0.7036523315623207
988.0,3.9995202381238215,5.742779480715964,14.066238433309366,16.14413187636639,3.9995202381238215,1.743259242592142,8.323458952593402,2.0778934430570253
989.0,15.29906816326271,15.94015558430489,23.280645461119647,29.78453211911492,15.29906816326271,0.6410874210421795,7.3404898768147575,6.503886657995274
990.0,7.9413415312026,19.63481750504748,22.316820541722706,28.341240320160626,7.9413415312026,11.69347597384488,2.6820030366752263,6.02441977843792
991.0,1.260973015285991,8.63133534475292,18.12735584010456,19.960218958962116,1.260973015285991,7.3703623294669285,9.49602049535164,1.8328631188575564
992.0,4.853399003659163,11.929502805473316,14.437744061043368,31.669116003466822,4.853399003659163,7.076103801814153,2.508241255570052,17.231371942423454
993.0,4.124208294048479,24.00783692933203,26.696755719578825,33.16117823208632,4.124208294048479,19.88362863528355,2.6889187902467953,6.464422512507497
994.0,6.760843405463135,8.997318687867612,11.510455696740614,14.422583872178713,6.760843405463135,2.236475282404477,2.5131370088730023,2.9121281754380988
995.0,1.7940399508635991,7.045814419371343,13.580154276554293,27.28980621632869,1.7940399508635991,5.251774468507744,6.53433985718295,13.709651939774396
996.0,3.7032343270100974,18.7441275906584,20.356954066893834,24.76348024429047,3.7032343270100974,15.040893263648304,1.6128264762354334,4.4065261773966355
997.0,6.987717280667095,18.61623047993988,20.54392301558545,34.34171655966787,6.987717280667095,11.628513199272785,1.9276925356455692,13.797793544082424
998.0,0.3326317394929461,3.1237708226181375,6.87448101513646,7.742325132620564,0.3326317394929461,2.7911390831251914,3.750710192518323,0.8678441174841041
999.0,13.980933481215189,20.13445988403312,20.732835618519875,22.81099702412564,13.980933481215189,6.153526402817931,0.5983757344867549,2.0781614056057656
1000.0,0.9763408965257625,3.8531563795628188,4.165117914976108,18.701405479802037,0.9763408965257625,2.8768154830370563,0.31196153541328897,14.53628756482593
