iteration,coal_time1,coal_time2,coal_time3,coal_time4,diff1,diff2,diff3,diff4
1.0,1.1721809837409864,8.770797041414681,19.879529314732032,30.999209846591064,1.1721809837409864,7.598616057673695,11.10873227331735,11.119680531859032
2.0,20.90712710475847,21.75488151621193,23.72279907846708,32.384985254276984,20.90712710475847,0.8477544114534616,1.967917562255149,8.662186175809904
3.0,6.413886004856121,7.269960713814616,10.514415712056849,27.384979338447856,6.413886004856121,0.856074708958495,3.244454998242233,16.870563626391007
4.0,12.825449264589903,13.566815859796236,18.257604285303042,30.29963690567252,12.825449264589903,0.7413665952063333,4.690788425506806,12.04203262036948
5.0,10.482693654735673,10.501831132185071,12.111776936373282,20.300121317461837,10.482693654735673,0.019137477449397977,1.6099458041882109,8.188344381088555
6.0,10.00462781158489,10.985435814069632,18.580608405950674,20.244211602696232,10.00462781158489,0.9808080024847428,7.595172591881042,1.6636031967455587
7.0,15.150613422537425,21.23637340837511,26.047151522808054,30.864405869138338,15.150613422537425,6.085759985837683,4.810778114432946,4.817254346330284
8.0,10.361533565178672,11.242473224451725,12.081428650214654,12.337179305719342,10.361533565178672,0.8809396592730536,0.8389554257629293,0.2557506555046878
9.0,2.8547599124112963,9.209615949899629,9.68586723931832,19.435621278605147,2.8547599124112963,6.354856037488332,0.4762512894186912,9.749754039286827
10.0,1.864076038624745,3.7161719642045448,6.526755965103479,14.560003104296527,1.864076038624745,1.8520959255797997,2.8105840008989347,8.033247139193048
11.0,1.2462005095183102,4.864344539713617,16.29891648811931,18.603446460438708,1.2462005095183102,3.6181440301953067,11.434571948405694,2.304529972319397
12.0,0.2828959358375229,11.610517446321918,19.656723342102318,34.7391270802497,0.2828959358375229,11.327621510484395,8.0462058957804,15.082403738147384
13.0,9.039587428251693,13.959781273321891,17.400382071465724,19.365231854001834,9.039587428251693,4.920193845070198,3.4406007981438336,1.9648497825361098
14.0,13.114434332930447,24.051615353048312,26.627239243056245,34.77157057746522,13.114434332930447,10.937181020117865,2.5756238900079325,8.144331334408974
15.0,6.476984757149776,20.551925638796355,21.647472751559782,29.86801192851695,6.476984757149776,14.07494088164658,1.0955471127634269,8.220539176957168
16.0,2.8420312173598035,5.9317756531286925,7.565288424706672,11.537207267249215,2.8420312173598035,3.089744435768889,1.6335127715779798,3.971918842542543
17.0,11.550128225165423,12.981448692941626,21.636118934323974,27.629493038056445,11.550128225165423,1.431320467776203,8.654670241382348,5.993374103732471
18.0,1.0102264728769512,3.8407370357905144,6.445733347691249,28.749320122763244,1.0102264728769512,2.830510562913563,2.6049963119007344,22.303586775071995
19.0,5.2542106601824266,9.577288669188047,21.17696478930523,24.228529853103,5.2542106601824266,4.32307800900562,11.599676120117184,3.0515650637977707
20.0,11.374499954107499,12.719420145306113,15.564731438089119,20.570203093509758,11.374499954107499,1.3449201911986144,2.8453112927830055,5.005471655420639
21.0,8.425360740739677,24.07350405668588,27.2007296735934,30.019969091478714,8.425360740739677,15.648143315946204,3.12722561690752,2.8192394178853135
22.0,13.719459217393315,18.31935660947677,24.38335642524798,33.968232695858994,13.719459217393315,4.599897392083456,6.063999815771211,9.584876270611012
23.0,22.48645249951704,23.620761556743183,26.63708171598689,29.42870467564039,22.48645249951704,1.1343090572261438,3.0163201592437083,2.7916229596534983
24.0,15.605591304801365,17.25263402361629,23.24128325661939,34.4779135100093,15.605591304801365,1.6470427188149266,5.988649233003098,11.236630253389912
25.0,4.171457207799701,5.1162995563138765,13.054590164087674,28.747898991670976,4.171457207799701,0.9448423485141753,7.938290607773798,15.693308827583301
26.0,1.276275091917313,3.473439073676815,7.585437584815402,25.5331097541335,1.276275091917313,2.197163981759502,4.111998511138587,17.947672169318096
27.0,14.768898183193734,22.430770860587245,34.55092767930032,34.6935757239812,14.768898183193734,7.661872677393511,12.120156818713077,0.14264804468087533
28.0,4.797327500357451,8.260564930409771,31.656415924519358,32.09291460504122,4.797327500357451,3.4632374300523203,23.395850994109587,0.4364986805218649
29.0,10.603950235330817,25.006532183710796,29.574000471675845,30.23607026853929,10.603950235330817,14.402581948379979,4.567468287965049,0.6620697968634452
30.0,18.916066366796116,20.479859939088314,23.109266502052414,27.69401307253893,18.916066366796116,1.563793572292198,2.6294065629640997,4.584746570486516
31.0,14.109947865224346,23.928304269891584,23.941506166528796,34.40249757735209,14.109947865224346,9.818356404667238,0.01320189663721294,10.46099141082329
32.0,1.4898616832561231,1.5021293079084046,5.295079157105242,16.588553096064015,1.4898616832561231,0.012267624652281484,3.7929498491968374,11.293473938958773
33.0,5.785303918161201,15.898757916935612,24.23100528316884,34.445316725025556,5.785303918161201,10.11345399877441,8.33224736623323,10.214311441856715
34.0,0.21151138673715764,3.6452865683941695,4.325677969596931,10.452144333860701,0.21151138673715764,3.433775181657012,0.6803914012027619,6.12646636426377
35.0,7.266092170980983,12.949505387287786,16.570344000983052,28.674410014964963,7.266092170980983,5.683413216306803,3.620838613695266,12.10406601398191
36.0,0.4981953508622823,6.454003793434353,14.883817954664178,23.17028346337638,0.4981953508622823,5.955808442572071,8.429814161229825,8.286465508712201
37.0,12.682055549232675,17.53542405956377,22.326423647689076,33.10324641773488,12.682055549232675,4.853368510331094,4.790999588125306,10.776822770045804
38.0,5.551185171019235,6.719430136784883,23.844280799194713,32.44953034434608,5.551185171019235,1.1682449657656484,17.12485066240983,8.605249545151366
39.0,0.4309527458496447,1.661687754333805,20.77359343706487,30.9746897991826,0.4309527458496447,1.2307350084841602,19.111905682731066,10.201096362117728
40.0,9.099666444594018,11.603993157164332,15.836072841059213,30.675633562251452,9.099666444594018,2.5043267125703146,4.232079683894881,14.839560721192239
41.0,1.877353478753669,13.037244386972056,25.55214374550058,33.54678790716987,1.877353478753669,11.159890908218387,12.514899358528524,7.994644161669292
42.0,1.5427112186976188,10.925249969854399,19.685716329448532,33.312733895840694,1.5427112186976188,9.38253875115678,8.760466359594133,13.627017566392162
43.0,23.346402948884297,24.50431074730743,25.543057796605716,33.23310880302328,23.346402948884297,1.1579077984231319,1.038747049298287,7.690051006417562
44.0,3.8553442069074464,10.885297738492643,15.220734542807154,32.901014326806845,3.8553442069074464,7.029953531585196,4.3354368043145115,17.68027978399969
45.0,9.84633443960023,12.234034870562294,14.35811222088562,23.175967174397933,9.84633443960023,2.387700430962063,2.1240773503233257,8.817854953512313
46.0,21.762365431838838,23.797786822605396,31.96982793253771,34.872669621308724,21.762365431838838,2.035421390766558,8.172041109932316,2.9028416887710122
47.0,2.778765713656938,7.3178745419653985,16.429770607408813,18.86648350737492,2.778765713656938,4.539108828308461,9.111896065443414,2.436712899966107
48.0,5.144730680880759,7.089148957682838,14.240523938616615,22.12118798665556,5.144730680880759,1.9444182768020788,7.151374980933777,7.880664048038945
49.0,4.641704188470573,8.55786030251237,21.40397503545492,29.18688310356709,4.641704188470573,3.9161561140417973,12.84611473294255,7.782908068112171
50.0,4.473228227404785,7.699762063417818,13.138407090103652,28.500336600582255,4.473228227404785,3.226533836013033,5.438645026685833,15.361929510478603
51.0,4.3699664659210065,6.513699491139434,8.286520839937062,22.19015666588472,4.3699664659210065,2.1437330252184275,1.7728213487976276,13.90363582594766
52.0,1.0266476316528923,13.636520427470103,19.150277235091348,26.822471320508846,1.0266476316528923,12.60987279581721,5.513756807621245,7.672194085417498
53.0,27.011750117289168,27.042435173785492,29.192278341408993,32.85132477480388,27.011750117289168,0.030685056496324137,2.1498431676235015,3.6590464333948844
54.0,5.230567676866265,7.8198161571114895,7.917637748484694,12.793838428595159,5.230567676866265,2.5892484802452245,0.09782159137320434,4.876200680110465
55.0,5.268037842074708,28.0775190548191,29.863728765729594,31.88961775704674,5.268037842074708,22.80948121274439,1.7862097109104944,2.025888991317146
56.0,7.097167340269227,7.805766884444743,19.364936632741504,25.107227343852333,7.097167340269227,0.7085995441755166,11.55916974829676,5.7422907111108294
57.0,16.272764952473388,20.802487695021817,21.195851048801387,31.506453811763507,16.272764952473388,4.529722742548429,0.39336335377957,10.31060276296212
58.0,1.946022293279377,10.519222696770491,15.435901218443163,23.622758448737002,1.946022293279377,8.573200403491114,4.916678521672672,8.186857230293839
59.0,18.421974023902465,23.96430523764033,27.91255840900496,31.739966169237462,18.421974023902465,5.542331213737864,3.9482531713646303,3.8274077602325036
60.0,1.5084108491212547,6.454111052270132,8.273866250558044,10.888863710791004,1.5084108491212547,4.945700203148878,1.8197551982879112,2.61499746023296
61.0,8.02480133442452,14.512190169236181,16.133064949067368,19.151878419163744,8.02480133442452,6.487388834811661,1.6208747798311869,3.018813470096376
62.0,12.965473606978403,15.399450302175168,24.558362267770384,26.51742809537368,12.965473606978403,2.4339766951967654,9.158911965595216,1.9590658276032968
63.0,6.858032793483886,12.653023446514187,25.170396213306343,25.72171596679165,6.858032793483886,5.7949906530303,12.517372766792157,0.5513197534853056
64.0,6.345164535414526,9.284164681575021,19.911354648303387,21.153948758974273,6.345164535414526,2.9390001461604953,10.627189966728366,1.2425941106708862
65.0,4.172880605174861,6.318281129935123,18.10618764850066,18.319531359133975,4.172880605174861,2.1454005247602623,11.787906518565539,0.21334371063331403
66.0,14.782783875528153,21.641722823639007,25.681434664681817,29.103602966030536,14.782783875528153,6.858938948110854,4.039711841042809,3.4221683013487194
67.0,16.88115393586506,17.13157797118791,17.725117598454847,27.50156913467461,16.88115393586506,0.2504240353228475,0.5935396272669387,9.776451536219763
68.0,9.360093084049371,15.592117163701545,26.47917210968489,27.853192292115146,9.360093084049371,6.232024079652174,10.887054945983344,1.3740201824302574
69.0,8.279131339458477,10.167544576290545,16.936081162178724,19.449904979002394,8.279131339458477,1.8884132368320685,6.768536585888178,2.5138238168236704
70.0,3.878452284038545,16.944527929274752,20.716368944539038,26.66111189686867,3.878452284038545,13.066075645236207,3.771841015264286,5.94474295232963
71.0,1.4247510790712141,2.177537566873575,5.991879063354343,8.285241007843691,1.4247510790712141,0.7527864878023607,3.8143414964807683,2.293361944489348
72.0,18.568529612590076,26.436752993669977,32.12924842472362,32.628741641510295,18.568529612590076,7.8682233810799005,5.6924954310536435,0.499493216786675
73.0,9.787455097861312,19.571282759269906,24.105488154483236,34.422673808188556,9.787455097861312,9.783827661408594,4.5342053952133305,10.31718565370532
74.0,9.223407448934758,12.174395919595064,21.38473734328111,34.114978888260524,9.223407448934758,2.950988470660306,9.210341423686046,12.730241544979414
75.0,2.255378585376164,2.5194260701163316,3.5475229140527347,7.551775086636294,2.255378585376164,0.2640474847401677,1.028096843936403,4.004252172583559
76.0,2.530487082059814,2.8423925474468774,10.936133555849736,31.994509698952292,2.530487082059814,0.31190546538706343,8.093741008402858,21.058376143102556
77.0,2.9031789230162417,6.509746296802362,17.654283529131312,29.89351852881422,2.9031789230162417,3.6065673737861204,11.14453723232895,12.239234999682907
78.0,4.020308982670048,4.335429692222029,25.335237169166735,25.394485634874634,4.020308982670048,0.3151207095519801,20.999807476944707,0.0592484657078991
79.0,1.2688565012840556,4.7139775082914674,11.623335854382063,24.585772868621852,1.2688565012840556,3.445121007007412,6.909358346090595,12.96243701423979
80.0,1.106682266377831,12.250598823885198,16.67509304443696,25.98075925568238,1.106682266377831,11.143916557507367,4.424494220551761,9.30566621124542
81.0,1.3954352021042808,6.593474316195003,10.018180439577023,16.706146034280945,1.3954352021042808,5.198039114090722,3.4247061233820197,6.687965594703922
82.0,12.123119103152593,17.587314009184944,20.402469730840135,31.96276732600977,12.123119103152593,5.4641949060323505,2.8151557216551915,11.560297595169637
83.0,2.1649827132181727,5.101712641986442,15.549046745951653,31.48152121153588,2.1649827132181727,2.936729928768269,10.447334103965211,15.932474465584228
84.0,4.957593772548002,14.51829772470608,19.92865177205462,30.2955688824246,4.957593772548002,9.560703952158079,5.410354047348541,10.366917110369979
85.0,13.68223773759777,19.188445191763368,20.58804880026675,24.156576576514706,13.68223773759777,5.506207454165597,1.3996036085033836,3.5685277762479544
86.0,8.183511208360102,19.880271888732977,26.03428920290695,32.76749679904297,8.183511208360102,11.696760680372876,6.154017314173974,6.7332075961360225
87.0,7.120864656726468,21.33824349937583,25.186749953582662,31.832906112058616,7.120864656726468,14.217378842649364,3.848506454206831,6.646156158475954
88.0,16.38838517057054,22.01532936676633,27.48210868458997,29.444830140464575,16.38838517057054,5.62694419619579,5.46677931782364,1.962721455874604
89.0,2.6407080225424835,11.167089685268316,29.198043185294278,29.28508600367732,2.6407080225424835,8.526381662725832,18.030953500025962,0.0870428183830434
90.0,1.1793422173869672,15.18507194659378,17.043734012075163,29.889249931829028,1.1793422173869672,14.005729729206813,1.8586620654813828,12.845515919753865
91.0,6.48216787679976,8.64037321868236,11.744230203166381,12.418273766903653,6.48216787679976,2.1582053418825993,3.103856984484022,0.6740435637372713
92.0,7.027700498009711,7.033260109708351,15.52463898820206,25.52509882371494,7.027700498009711,0.0055596116986400546,8.491378878493709,10.000459835512881
93.0,7.721697735594848,9.161668234049635,12.50263720667968,32.622876653039015,7.721697735594848,1.4399704984547874,3.340968972630044,20.120239446359335
94.0,10.974610609788499,12.46073546799277,15.525634587868328,18.573548403479467,10.974610609788499,1.4861248582042705,3.064899119875559,3.047913815611139
95.0,14.298739781173936,16.214824838005175,26.629624845658384,30.3231433677241,14.298739781173936,1.916085056831239,10.41480000765321,3.693518522065716
96.0,10.817368205743517,11.821009876603132,24.755320169285078,26.88430157603583,10.817368205743517,1.003641670859615,12.934310292681946,2.1289814067507535
97.0,11.300203084472017,14.796202023373315,17.364368611507473,29.003356874364872,11.300203084472017,3.495998938901298,2.568166588134158,11.6389882628574
98.0,5.796258088548051,22.08638964553778,23.21915807845105,24.204937401702722,5.796258088548051,16.290131556989728,1.1327684329132701,0.9857793232516734
99.0,0.9044336239446764,6.839276875266858,11.919145032441925,18.06717393521405,0.9044336239446764,5.934843251322182,5.079868157175067,6.1480289027721255
100.0,14.276383250123661,25.718629430518956,32.85764089436925,33.190214522082584,14.276383250123661,11.442246180395294,7.1390114638502915,0.3325736277133373
101.0,15.03524536732576,15.240098204924863,19.08022184429761,26.37544560517973,15.03524536732576,0.2048528375991019,3.8401236393727487,7.29522376088212
102.0,10.8878513506614,16.81702615437356,23.29902028885587,32.25269676628845,10.8878513506614,5.929174803712161,6.48199413448231,8.95367647743258
103.0,2.8149494751952133,4.9889863534000725,11.870619998583678,13.135455228471788,2.8149494751952133,2.174036878204859,6.881633645183605,1.26483522988811
104.0,21.565964832481328,24.248843186964805,27.032408199435515,32.48124232291985,21.565964832481328,2.682878354483478,2.78356501247071,5.448834123484332
105.0,7.542754297263826,12.825125714257187,18.934368257105913,19.984473715040174,7.542754297263826,5.28237141699336,6.109242542848726,1.0501054579342615
106.0,0.7881653855670834,2.6440603867255774,4.284730864915062,18.17559115072438,0.7881653855670834,1.855895001158494,1.6406704781894845,13.890860285809318
107.0,6.858418464218552,12.039034741769125,12.233853654159415,22.053702117631314,6.858418464218552,5.180616277550573,0.19481891239028926,9.8198484634719
108.0,5.72598439745914,6.075597394351647,9.822063028365708,13.486353043459488,5.72598439745914,0.3496129968925068,3.7464656340140614,3.66429001509378
109.0,14.433051559138853,16.444264724412427,17.336814703985926,26.911686537510867,14.433051559138853,2.011213165273574,0.8925499795734986,9.574871833524941
110.0,3.0331562111690182,13.193624596239726,14.195981951719727,25.4816336565978,3.0331562111690182,10.160468385070708,1.002357355480001,11.285651704878074
111.0,7.8093297322890045,21.2752491166226,31.672801619942913,32.01626542565272,7.8093297322890045,13.465919384333596,10.397552503320313,0.3434638057098063
112.0,1.4032415081959613,10.705632499627807,20.30546080964742,25.683125486314253,1.4032415081959613,9.302390991431846,9.599828310019614,5.377664676666832
113.0,11.758973922031643,18.281837335769893,24.05290885570407,26.51513833008361,11.758973922031643,6.52286341373825,5.771071519934178,2.462229474379537
114.0,1.2775872414210667,3.55180144462042,14.337587485302166,24.57929191820337,1.2775872414210667,2.274214203199353,10.785786040681746,10.241704432901205
115.0,5.028252062454982,5.739613322532055,6.124513990145921,16.92382672621856,5.028252062454982,0.7113612600770729,0.38490066761386643,10.79931273607264
116.0,6.302666062524189,20.31306851021526,23.703434629630816,34.518736741915696,6.302666062524189,14.010402447691071,3.3903661194155568,10.81530211228488
117.0,16.523096390316795,27.652958637815257,28.617435969608614,31.75464426869642,16.523096390316795,11.129862247498462,0.9644773317933577,3.1372082990878063
118.0,11.700738518751685,23.6096550553181,26.514618376177,34.60067378476741,11.700738518751685,11.908916536566416,2.9049633208589007,8.086055408590408
119.0,7.203318569401965,10.039263601938206,17.063592138830185,24.19969625992968,7.203318569401965,2.835945032536241,7.024328536891979,7.136104121099496
120.0,8.56005201041543,14.460424377260743,15.21253413781297,23.740456692233227,8.56005201041543,5.900372366845314,0.7521097605522264,8.527922554420257
121.0,3.9411924631887523,4.276690762163177,5.62172339889878,20.26725282984969,3.9411924631887523,0.33549829897442507,1.3450326367356027,14.645529430950909
122.0,10.7715242130336,17.885590150299073,31.149252299849575,33.72741880888587,10.7715242130336,7.114065937265472,13.263662149550502,2.578166509036297
123.0,10.471812107503432,12.808248244990342,26.008126530940714,34.01133137736727,10.471812107503432,2.33643613748691,13.199878285950373,8.003204846426556
124.0,3.692837719074568,8.35341763919152,14.634872699349113,28.591541880696134,3.692837719074568,4.660579920116952,6.281455060157594,13.95666918134702
125.0,18.5047003268552,22.22047926098677,23.825722022360285,26.918096298671244,18.5047003268552,3.7157789341315706,1.605242761373514,3.0923742763109594
126.0,4.63567776690866,7.374508610117122,7.755681538504277,24.071606237045568,4.63567776690866,2.7388308432084614,0.381172928387155,16.31592469854129
127.0,3.076544615741387,6.340384213726097,8.793900151363289,11.652106510227245,3.076544615741387,3.2638395979847097,2.4535159376371922,2.8582063588639564
128.0,13.726950266645808,20.54861691126889,26.946281292762116,32.97708094225634,13.726950266645808,6.8216666446230825,6.397664381493225,6.030799649494227
129.0,1.1834106978331178,4.762721954189065,5.996718030446129,6.769691796835726,1.1834106978331178,3.579311256355947,1.233996076257064,0.7729737663895975
130.0,3.8045167093983707,17.30489572255514,18.543603511211753,32.706024959771106,3.8045167093983707,13.50037901315677,1.2387077886566118,14.162421448559353
131.0,11.097003363962948,21.044933068479494,27.841614566302542,33.54643297064077,11.097003363962948,9.947929704516547,6.796681497823048,5.70481840433823
132.0,13.053499237227264,26.307052763896472,27.532418806644728,34.83759817317367,13.053499237227264,13.253553526669208,1.2253660427482558,7.3051793665289395
133.0,0.9548815371086619,10.110878440467307,12.594718292736978,17.914187258949188,0.9548815371086619,9.155996903358645,2.4838398522696714,5.319468966212209
134.0,12.7300780746099,16.49146082337632,17.703377987531226,29.817811528338687,12.7300780746099,3.761382748766419,1.211917164154908,12.114433540807461
135.0,0.8614382225220112,10.582717692648266,13.286132072527678,29.615317864503005,0.8614382225220112,9.721279470126255,2.703414379879412,16.329185791975327
136.0,3.1687826196984723,5.4778016512183285,8.202320390392835,31.354698704013426,3.1687826196984723,2.309019031519856,2.7245187391745063,23.15237831362059
137.0,25.43149824375196,26.75635446705283,28.96642635595166,34.977606282304876,25.43149824375196,1.3248562233008698,2.210071888898831,6.011179926353215
138.0,10.997979624157924,12.987931528796295,20.729162229510834,21.604976787941766,10.997979624157924,1.989951904638371,7.741230700714539,0.8758145584309318
139.0,6.272815983150764,11.837477854469054,26.60456297985055,33.603181998717105,6.272815983150764,5.56466187131829,14.767085125381495,6.998619018866556
140.0,1.4158944636978816,3.9962608724541013,4.4395178407982705,7.524519462719951,1.4158944636978816,2.5803664087562197,0.44325696834416917,3.0850016219216805
141.0,3.911361533122065,5.690009771664094,9.055850997091817,13.227939916596718,3.911361533122065,1.7786482385420292,3.3658412254277223,4.172088919504901
142.0,5.301072245154067,8.975027973936289,19.370008379987908,23.290568494277682,5.301072245154067,3.6739557287822215,10.39498040605162,3.920560114289774
143.0,14.816984479428804,15.273256805080596,20.189509446840653,26.68442359151814,14.816984479428804,0.456272325651792,4.916252641760057,6.494914144677487
144.0,2.4965888408458596,4.566628499833694,12.774239336927526,23.802890073653234,2.4965888408458596,2.0700396589878345,8.207610837093831,11.028650736725709
145.0,6.298623158652958,6.8210455902296765,20.143608794747898,21.947874548720975,6.298623158652958,0.5224224315767181,13.322563204518222,1.8042657539730769
146.0,1.9727905927514158,10.660313324903058,11.650359215815214,32.55236276645288,1.9727905927514158,8.687522732151642,0.9900458909121568,20.902003550637666
147.0,3.101529228826191,8.525893084937273,18.341899061372057,34.84579898521104,3.101529228826191,5.424363856111082,9.816005976434784,16.503899923838983
148.0,14.204120868889994,15.829132650347592,20.800958166035915,23.459651929184425,14.204120868889994,1.625011781457598,4.971825515688323,2.6586937631485092
149.0,7.509028916561814,15.356751060100997,25.06025895501522,27.056441810689932,7.509028916561814,7.847722143539183,9.703507894914225,1.9961828556747108
150.0,9.508815381668931,13.292324706167186,24.70521526328958,25.853012472313562,9.508815381668931,3.7835093244982545,11.412890557122395,1.147797209023981
151.0,10.343877101463562,17.419293644343274,27.362785885528808,27.86695892625631,10.343877101463562,7.075416542879712,9.943492241185535,0.5041730407275011
152.0,3.9259086343833864,24.22097951906641,28.0443555399942,33.982890814438704,3.9259086343833864,20.295070884683025,3.823376020927789,5.938535274444504
153.0,1.4022882998965187,4.268925639650835,5.888775068212269,19.215683165643746,1.4022882998965187,2.866637339754316,1.6198494285614338,13.326908097431478
154.0,4.893577696896983,17.780444247169477,19.129483452686223,22.24556657015558,4.893577696896983,12.886866550272494,1.3490392055167462,3.1160831174693584
155.0,21.484136054405397,24.469111511806787,33.231044482023776,34.26360195964751,21.484136054405397,2.98497545740139,8.76193297021699,1.0325574776237332
156.0,6.379142994092884,13.362315841221552,14.839396264199785,20.26601943321,6.379142994092884,6.983172847128667,1.4770804229782328,5.426623169010217
157.0,2.5607377767829647,16.798253930105204,21.535796062772583,30.841048304448055,2.5607377767829647,14.23751615332224,4.737542132667379,9.305252241675472
158.0,2.4754580393645966,12.676649026133102,16.167036171063536,16.31177537643165,2.4754580393645966,10.201190986768506,3.490387144930434,0.1447392053681149
159.0,4.097489983961349,7.84979419585553,16.403967689312836,25.950170962089807,4.097489983961349,3.752304211894181,8.554173493457306,9.546203272776971
160.0,1.0707217866273737,5.546755489543884,6.625849623960583,14.267521819300615,1.0707217866273737,4.47603370291651,1.0790941344166995,7.641672195340032
161.0,0.3539253864023877,5.37482308674123,14.201500979199594,19.538315203301842,0.3539253864023877,5.020897700338843,8.826677892458363,5.336814224102248
162.0,9.273163461662246,15.77544602717029,20.558730787267883,23.519632879762923,9.273163461662246,6.502282565508043,4.783284760097594,2.96090209249504
163.0,1.4995141379775916,28.87669512217072,29.71988629001533,30.95054175299816,1.4995141379775916,27.377180984193128,0.843191167844612,1.2306554629828277
164.0,5.731586770062126,18.85844902852355,22.315252597458397,26.803387886218985,5.731586770062126,13.126862258461426,3.456803568934845,4.4881352887605885
165.0,11.379605516526638,12.264127045611716,20.055611551267532,28.193421661883036,11.379605516526638,0.8845215290850774,7.791484505655816,8.137810110615504
166.0,10.14286140191599,14.24545149799037,15.231651544798982,27.44630097132056,10.14286140191599,4.10259009607438,0.9862000468086123,12.214649426521579
167.0,15.491365386834495,17.59882777515775,25.536942226128517,27.23212177091399,15.491365386834495,2.107462388323256,7.938114450970765,1.695179544785475
168.0,2.5232278337182095,3.273016529444412,17.113380010733447,19.872521929531178,2.5232278337182095,0.7497886957262025,13.840363481289035,2.759141918797731
169.0,9.438376142097937,15.385022523552703,16.078294191147876,18.144847486206018,9.438376142097937,5.946646381454766,0.6932716675951731,2.0665532950581422
170.0,11.792403522552021,12.001337111006865,31.654843545546793,32.27873828429227,11.792403522552021,0.208933588454844,19.653506434539928,0.6238947387454736
171.0,6.789678735255755,8.005131570295404,15.2918433886921,16.81702526780639,6.789678735255755,1.215452835039649,7.286711818396697,1.5251818791142888
172.0,17.029545526561996,25.976005811777927,27.104364702109134,28.108139054757793,17.029545526561996,8.946460285215931,1.1283588903312065,1.0037743526486587
173.0,3.65343880016146,17.820398232356716,30.10362688915881,34.527340466755746,3.65343880016146,14.166959432195256,12.283228656802095,4.423713577596935
174.0,6.595368176480367,13.84534741147094,14.244053389599983,23.323100614868046,6.595368176480367,7.2499792349905725,0.39870597812904407,9.079047225268063
175.0,7.292110832158528,13.907179883996694,19.967908362810768,28.199432831810118,7.292110832158528,6.615069051838166,6.060728478814074,8.23152446899935
176.0,8.120767023627025,11.493442187180072,18.247691629196495,27.013295804768443,8.120767023627025,3.3726751635530476,6.754249442016423,8.765604175571948
177.0,2.1601356453237983,8.29893639173094,10.797175368446162,25.22239493368181,2.1601356453237983,6.138800746407142,2.4982389767152213,14.425219565235647
178.0,2.0298237803428236,4.876991587759498,22.366106970107474,27.469391389173754,2.0298237803428236,2.8471678074166746,17.489115382347975,5.103284419066281
179.0,3.237595019137256,17.603314533533435,24.960648927579214,31.801859725454122,3.237595019137256,14.36571951439618,7.357334394045779,6.841210797874908
180.0,6.584295367038063,10.960052359995927,22.02139259482815,22.414322201013256,6.584295367038063,4.375756992957864,11.061340234832223,0.3929296061851062
181.0,2.368219153976149,15.73557628117063,17.503824426409896,33.198176417219024,2.368219153976149,13.36735712719448,1.7682481452392658,15.694351990809128
182.0,10.84487569221363,20.137683575169156,25.100350824557434,26.293544267269617,10.84487569221363,9.292807882955525,4.962667249388279,1.1931934427121824
183.0,6.247536805787206,23.61504426576694,28.454093154110797,31.337332353369362,6.247536805787206,17.367507459979734,4.839048888343857,2.883239199258565
184.0,8.442034409145386,13.126464593950555,18.17253678140318,23.80303859454051,8.442034409145386,4.684430184805169,5.046072187452626,5.630501813137329
185.0,11.362815382429584,17.251927396744765,20.058695498702946,25.941159013787136,11.362815382429584,5.889112014315181,2.8067681019581805,5.88246351508419
186.0,7.708511437118535,21.324340749615974,21.89769326180554,29.72255379893322,7.708511437118535,13.61582931249744,0.5733525121895653,7.82486053712768
187.0,3.8130874806887185,11.939872849294417,12.6438325442668,17.345802047984343,3.8130874806887185,8.126785368605699,0.703959694972383,4.701969503717542
188.0,3.0873996236420496,4.2474107813639,16.323518319046766,20.658402386331144,3.0873996236420496,1.1600111577218506,12.076107537682866,4.334884067284378
189.0,2.611169950597642,14.708739650336,20.856068063225607,24.43632703622356,2.611169950597642,12.097569699738358,6.147328412889607,3.580258972997953
190.0,4.45062913557997,10.675873191358328,21.348458689603916,27.283530899928312,4.45062913557997,6.225244055778358,10.672585498245589,5.935072210324396
191.0,0.7013990683869764,4.387300595725037,24.738954660158218,28.18886547183183,0.7013990683869764,3.6859015273380606,20.35165406443318,3.449910811673611
192.0,0.7969799189883702,5.747032256400235,8.193665912428873,13.961170108560161,0.7969799189883702,4.950052337411865,2.446633656028638,5.767504196131288
193.0,15.279062398841663,23.537445296307517,23.56265296193544,25.496885813862477,15.279062398841663,8.258382897465854,0.025207665627924314,1.9342328519270353
194.0,0.9474078794234018,13.539456338800541,13.820942117557177,23.101943758804794,0.9474078794234018,12.59204845937714,0.28148577875663605,9.281001641247617
195.0,2.190718055290411,4.098190769255943,4.216436024790912,11.576279057090208,2.190718055290411,1.9074727139655323,0.11824525553496912,7.359843032299295
196.0,5.098067265173139,10.522997491199437,21.146184548794906,28.257023851661458,5.098067265173139,5.424930226026298,10.62318705759547,7.110839302866552
197.0,1.8973630365014458,4.422892621682056,15.951077382087043,18.761774496045234,1.8973630365014458,2.5255295851806103,11.528184760404987,2.8106971139581916
198.0,12.176392679867188,14.895912823599048,22.725159269972686,26.91603168280596,12.176392679867188,2.7195201437318595,7.829246446373638,4.190872412833276
199.0,2.69501736567328,2.7266358004352114,15.00139324885641,18.666303617860745,2.69501736567328,0.03161843476193127,12.274757448421198,3.6649103690043354
200.0,3.4933908736275185,12.140885416328,22.52030329779909,31.44672096803536,3.4933908736275185,8.647494542700482,10.379417881471088,8.926417670236273
201.0,3.461452607320446,4.457238507408434,12.395391513249649,32.488609231233205,3.461452607320446,0.9957859000879878,7.938153005841215,20.093217717983556
202.0,6.976409614526986,8.579902405577695,14.56143697026253,21.436109724108235,6.976409614526986,1.6034927910507086,5.981534564684836,6.874672753845704
203.0,13.966541838714058,18.63664066186296,20.97076386249119,33.27291180903854,13.966541838714058,4.670098823148901,2.3341232006282304,12.30214794654735
204.0,3.3168649233384073,12.616003780606551,23.025684699193405,34.19706357896013,3.3168649233384073,9.299138857268144,10.409680918586854,11.171378879766728
205.0,3.321985419502905,3.835466986352504,7.68300816968333,14.376208197184237,3.321985419502905,0.5134815668495989,3.8475411833308257,6.693200027500907
206.0,24.878647482068484,25.661859262113026,30.266763891152593,30.598440707311976,24.878647482068484,0.7832117800445424,4.6049046290395665,0.3316768161593835
207.0,6.90441293280524,7.74248870998051,13.987468543428172,15.979356093871623,6.90441293280524,0.8380757771752698,6.244979833447662,1.991887550443451
208.0,10.092571001966512,24.321145627818296,26.495519621626276,32.0744513522462,10.092571001966512,14.228574625851785,2.174373993807979,5.578931730619924
209.0,8.293411066024838,9.558499466400743,13.463989639170237,18.539909469394917,8.293411066024838,1.2650884003759053,3.9054901727694933,5.075919830224681
210.0,5.502332925387677,10.811200968699005,18.724206334715863,23.502191129889773,5.502332925387677,5.308868043311328,7.913005366016858,4.777984795173911
211.0,12.378557082627271,13.724263117246469,14.868589623985155,24.148374970752506,12.378557082627271,1.345706034619198,1.144326506738686,9.279785346767351
212.0,0.3594565221575934,2.4038443433961447,4.628862045893584,23.15619274774712,0.3594565221575934,2.0443878212385513,2.225017702497439,18.527330701853536
213.0,11.345782346324047,19.418706597586695,29.59631280621623,31.745558641840717,11.345782346324047,8.072924251262648,10.177606208629534,2.1492458356244875
214.0,0.2853277064700066,1.5773022849581224,12.008221475996908,13.834492886866975,0.2853277064700066,1.2919745784881158,10.430919191038786,1.826271410870067
215.0,2.33363857094173,3.0711049680771367,6.848887276830492,24.87753217594885,2.33363857094173,0.7374663971354067,3.7777823087533555,18.02864489911836
216.0,6.645990067004334,11.521082486496553,14.77003405234817,17.70982839882817,6.645990067004334,4.875092419492219,3.248951565851616,2.9397943464799994
217.0,20.347262323914226,20.418406687431904,27.422738475461582,30.297738778137276,20.347262323914226,0.0711443635176785,7.004331788029678,2.8750003026756943
218.0,9.131000677509292,10.321356842422702,21.046307219620488,33.99699165723371,9.131000677509292,1.1903561649134105,10.724950377197786,12.95068443761322
219.0,23.280818759968433,25.917496501897254,27.071953279884646,28.740520990158394,23.280818759968433,2.636677741928821,1.1544567779873915,1.6685677102737486
220.0,4.051179557978678,7.653883239336018,14.610750719209495,19.010891694550885,4.051179557978678,3.6027036813573403,6.956867479873477,4.40014097534139
221.0,8.549966923097095,24.344483538001185,28.615339301440315,34.47809121088632,8.549966923097095,15.79451661490409,4.27085576343913,5.862751909446004
222.0,3.2991683578264634,4.739605282680504,6.837958678468169,15.705754410136652,3.2991683578264634,1.4404369248540405,2.098353395787665,8.867795731668483
223.0,6.088977077852942,15.296778275186352,22.278098642386176,22.4226223506303,6.088977077852942,9.20780119733341,6.9813203671998245,0.14452370824412242
224.0,3.022482854921197,10.257606865968878,19.76179204106421,29.98414296211893,3.022482854921197,7.235124011047681,9.504185175095333,10.22235092105472
225.0,9.274325705173144,28.812487148346445,30.54169720900555,34.04020788358183,9.274325705173144,19.5381614431733,1.7292100606591063,3.498510674576277
226.0,16.132573111044024,25.32103146479245,28.621501764499254,31.757163412997148,16.132573111044024,9.188458353748427,3.3004702997068023,3.1356616484978943
227.0,18.330723472967183,22.830781204711737,29.810196943907172,33.97219707275526,18.330723472967183,4.500057731744555,6.979415739195435,4.162000128848085
228.0,6.875503186342993,14.697046599719254,15.463522779345244,19.484381788680903,6.875503186342993,7.821543413376261,0.7664761796259896,4.020859009335659
229.0,20.99222045069402,23.447123228825546,25.601850432447257,34.53786052169816,20.99222045069402,2.454902778131526,2.154727203621711,8.9360100892509
230.0,3.8306184398684913,9.956730237181539,10.469445662934731,26.14032686573323,3.8306184398684913,6.1261117973130474,0.5127154257531927,15.670881202798498
231.0,6.4079897067003095,21.089506645468866,24.31102720795029,28.17408857353299,6.4079897067003095,14.681516938768556,3.221520562481423,3.863061365582702
232.0,5.591857919732568,6.238560571487554,11.557250682693965,15.951016573049674,5.591857919732568,0.6467026517549854,5.318690111206411,4.393765890355709
233.0,19.67945813862162,22.57530635988798,23.923173140025646,32.002821821320346,19.67945813862162,2.895848221266359,1.347866780137668,8.0796486812947
234.0,16.905870597653198,23.141892965987985,24.707216506187848,29.279537960646483,16.905870597653198,6.236022368334787,1.5653235401998629,4.572321454458635
235.0,0.4659837122985948,4.556445098205369,21.964042663795425,29.96553295456528,0.4659837122985948,4.090461385906774,17.407597565590056,8.001490290769855
236.0,0.9693630029239486,2.616981792206765,14.243679562341121,33.73660682740874,0.9693630029239486,1.6476187892828165,11.626697770134356,19.49292726506762
237.0,6.3456070044225825,9.149521186358132,12.013712531959392,28.74337632552161,6.3456070044225825,2.80391418193555,2.8641913456012595,16.729663793562217
238.0,1.436995914194867,1.6318628364447676,3.2776211603630117,13.61610288878941,1.436995914194867,0.19486692224990065,1.645758323918244,10.338481728426398
239.0,28.732709387758675,29.315359452570206,31.887417417658888,34.99087112211593,28.732709387758675,0.5826500648115314,2.572057965088682,3.1034537044570385
240.0,1.460612722361212,25.79104602882735,30.697840683727858,32.61639308990699,1.460612722361212,24.330433306466137,4.906794654900509,1.9185524061791348
241.0,1.8654797906916158,9.23649121173213,17.06352102156256,20.7920593684276,1.8654797906916158,7.371011421040514,7.827029809830432,3.72853834686504
242.0,3.9492392663615092,6.5833210798292185,22.788552471372043,23.342508773318475,3.9492392663615092,2.6340818134677093,16.205231391542824,0.5539563019464318
243.0,8.801018254332135,13.817673382867522,15.21670694213623,17.49098263193503,8.801018254332135,5.016655128535387,1.3990335592687089,2.274275689798799
244.0,3.7420486620330777,7.520305849268585,9.893752589671394,18.01277277199267,3.7420486620330777,3.778257187235507,2.373446740402809,8.119020182321275
245.0,11.723550124191451,14.768819355155902,21.23298475954794,27.812898526048645,11.723550124191451,3.0452692309644505,6.464165404392038,6.579913766500706
246.0,2.4257179482387627,13.53020962496355,29.36460803796212,31.980056460114643,2.4257179482387627,11.104491676724788,15.83439841299857,2.6154484221525216
247.0,0.16704586847473024,27.525584486519623,29.286689150687394,34.93313012441824,0.16704586847473024,27.358538618044893,1.761104664167771,5.646440973730847
248.0,8.289266493666968,9.197909264695923,21.372394114785898,34.74638823337352,8.289266493666968,0.9086427710289549,12.174484850089975,13.373994118587625
249.0,5.863637189125683,6.169025920969297,19.38631712523503,21.391666848739888,5.863637189125683,0.3053887318436139,13.217291204265734,2.0053497235048567
250.0,21.368781337822952,23.525215607564235,27.199119751238896,32.77856711915008,21.368781337822952,2.1564342697412826,3.673904143674662,5.579447367911186
251.0,18.017084313892262,23.71452762468066,30.568102655292012,33.860312293674994,18.017084313892262,5.6974433107883975,6.853575030611353,3.2922096383829818
252.0,4.829732431995382,12.951823700568617,18.71545649714596,28.44121778736342,4.829732431995382,8.122091268573236,5.763632796577344,9.72576129021746
253.0,15.64339585239713,23.42813726432444,27.297079063987436,28.35287889610221,15.64339585239713,7.78474141192731,3.868941799662995,1.0557998321147757
254.0,20.664647597537602,22.674430771401866,23.913511481598,33.837591029767246,20.664647597537602,2.009783173864264,1.2390807101961343,9.924079548169246
255.0,7.354259160569736,11.48211730165987,18.162001502593252,19.694955707058316,7.354259160569736,4.127858141090133,6.679884200933383,1.5329542044650637
256.0,1.7350316821694065,10.752223241155303,24.655277078641042,30.731366858997443,1.7350316821694065,9.017191558985896,13.90305383748574,6.076089780356401
257.0,6.452608296829169,18.996894652154854,20.010115387929424,26.93634315912969,6.452608296829169,12.544286355325685,1.0132207357745706,6.926227771200267
258.0,5.932059508272985,9.768673458667852,13.370000255211039,19.87744219938194,5.932059508272985,3.8366139503948666,3.601326796543187,6.5074419441709
259.0,15.495965130787493,30.8311495045328,32.1482489098683,33.79699124602469,15.495965130787493,15.335184373745307,1.317099405335501,1.6487423361563884
260.0,16.090065617655835,17.56691700453491,24.15502104085693,34.21337067362335,16.090065617655835,1.4768513868790762,6.588104036322019,10.058349632766422
261.0,1.5361403915314824,8.217349372816027,15.971828195369522,30.667269515700863,1.5361403915314824,6.681208981284545,7.754478822553494,14.69544132033134
262.0,13.866367378213521,17.266682176309246,19.69779366160826,28.34348419776792,13.866367378213521,3.4003147980957245,2.431111485299013,8.645690536159663
263.0,5.209856188547544,9.12382566967516,13.681349719261611,18.5061191276345,5.209856188547544,3.913969481127616,4.557524049586451,4.824769408372887
264.0,0.8628337850015129,9.698453320950811,30.840695577117398,34.16893572629129,0.8628337850015129,8.835619535949299,21.142242256166586,3.32824014917389
265.0,10.878058431209208,13.353910396124892,14.055354140080397,16.28088988215408,10.878058431209208,2.475851964915684,0.7014437439555046,2.225535742073685
266.0,8.337641283995904,9.124994911518822,21.242470379460915,29.199972774568266,8.337641283995904,0.7873536275229185,12.117475467942093,7.957502395107351
267.0,17.666481821342593,25.95636399038667,26.56135925753393,33.470034446874664,17.666481821342593,8.289882169044077,0.6049952671472596,6.908675189340734
268.0,10.493479103249115,11.821226110416408,12.010854093587469,13.539047368225468,10.493479103249115,1.327747007167293,0.18962798317106078,1.5281932746379994
269.0,0.7101402843471476,1.6755879912479585,17.23935052006746,24.13368732568274,0.7101402843471476,0.9654477069008109,15.563762528819503,6.8943368056152785
270.0,11.694973403978402,21.51048198052441,25.24062665048792,27.407352671884837,11.694973403978402,9.815508576546009,3.730144669963508,2.1667260213969186
271.0,0.230049164353737,8.248829496102633,21.136742630724683,22.227061191414727,0.230049164353737,8.018780331748896,12.88791313462205,1.0903185606900436
272.0,5.064911243038125,5.819431571947526,10.051390797620616,15.963099569077333,5.064911243038125,0.7545203289094005,4.231959225673091,5.911708771456716
273.0,3.8719359386780603,15.568986752014865,23.72552362415961,34.84252482846137,3.8719359386780603,11.697050813336805,8.156536872144745,11.117001204301761
274.0,4.856814466861827,10.945514672311557,24.003761863301122,27.442821251270523,4.856814466861827,6.0887002054497295,13.058247190989565,3.439059387969401
275.0,11.907055965989482,12.376968092926155,15.93419580729823,21.323487981920906,11.907055965989482,0.4699121269366735,3.5572277143720754,5.389292174622675
276.0,4.705052700605972,8.63472363704808,12.145147048664441,17.016614547512937,4.705052700605972,3.9296709364421076,3.5104234116163617,4.871467498848496
277.0,1.7814838987081671,19.827362581389103,31.6764977314498,34.932229484577476,1.7814838987081671,18.045878682680936,11.849135150060697,3.2557317531276766
278.0,7.544820580287421,10.149239551405849,18.51262213969313,20.77316783228779,7.544820580287421,2.6044189711184274,8.36338258828728,2.260545692594661
279.0,0.48086955777245066,2.5248146375849387,6.350895868719025,10.894981466577818,0.48086955777245066,2.043945079812488,3.8260812311340864,4.544085597858793
280.0,10.764669185758066,11.888690717581184,14.757919227024534,22.806447236693618,10.764669185758066,1.124021531823118,2.8692285094433494,8.048528009669084
281.0,11.10989245519034,14.038337157011203,16.88093890685951,18.215825827125453,11.10989245519034,2.9284447018208617,2.8426017498483063,1.3348869202659444
282.0,1.0532733215388532,7.9847681584532175,12.417355159219934,14.225075725228624,1.0532733215388532,6.931494836914364,4.432587000766716,1.8077205660086904
283.0,1.322385142902661,26.90823087408129,27.97465057223143,30.71185350741235,1.322385142902661,25.58584573117863,1.0664196981501384,2.737202935180921
284.0,6.508441995326528,9.632357611966704,22.320716081417153,29.140627791671104,6.508441995326528,3.1239156166401756,12.68835846945045,6.819911710253951
285.0,6.311509216171203,27.409105797242177,32.03825658048809,34.256517274242924,6.311509216171203,21.097596581070974,4.629150783245912,2.2182606937548357
286.0,9.605441508884791,10.192589135588182,11.840464196989394,28.460840180421027,9.605441508884791,0.5871476267033913,1.647875061401212,16.620375983431632
287.0,17.388867769433535,26.623103104882155,32.57613713029372,33.696143740455916,17.388867769433535,9.23423533544862,5.953034025411569,1.1200066101621928
288.0,14.04844965234641,20.17338238942385,28.012999343580066,29.59964267001696,14.04844965234641,6.12493273707744,7.839616954156217,1.5866433264368922
289.0,3.7318285771042063,10.025674161461726,15.364767659981332,22.03297178652716,3.7318285771042063,6.29384558435752,5.339093498519606,6.668204126545827
290.0,3.05217452709881,10.85332210008728,14.474717637111986,34.076711613073385,3.05217452709881,7.801147572988469,3.621395537024707,19.6019939759614
291.0,9.010510469835044,9.789423416209821,10.993803966730432,17.250989676348876,9.010510469835044,0.7789129463747777,1.2043805505206109,6.257185709618444
292.0,0.7981227272492148,2.07094276128408,4.316160217658229,6.140922641861906,0.7981227272492148,1.272820034034865,2.2452174563741494,1.8247624242036764
293.0,8.947347630903067,17.242063240923944,18.062086444930987,31.523828627854293,8.947347630903067,8.294715610020877,0.8200232040070432,13.461742182923306
294.0,9.206044296791415,18.35279875354331,24.04432607038136,29.43960223818027,9.206044296791415,9.146754456751896,5.691527316838048,5.395276167798912
295.0,0.8578096064676899,1.55274771331473,3.8426179066660175,6.592536832869715,0.8578096064676899,0.6949381068470402,2.2898701933512875,2.749918926203698
296.0,3.9303923442579816,4.610170906489241,7.044957182844755,9.497452307383774,3.9303923442579816,0.6797785622312595,2.4347862763555135,2.45249512453902
297.0,4.6068989024439055,13.811046500413607,21.78748993075626,24.984818800052288,4.6068989024439055,9.204147597969701,7.976443430342652,3.1973288692960296
298.0,4.3476725335092326,7.335106167026812,20.0392212331975,26.17620098450666,4.3476725335092326,2.987433633517579,12.70411506617069,6.136979751309159
299.0,4.127751782497175,9.94735959249148,14.026061831380474,15.897526087474048,4.127751782497175,5.819607809994306,4.078702238888994,1.8714642560935744
300.0,14.128051786930556,16.70879188714137,22.48682286794697,28.536502942430488,14.128051786930556,2.5807401002108143,5.7780309808056,6.049680074483518
301.0,2.4585194676584834,5.830801323567016,20.145883099717416,26.65625384489094,2.4585194676584834,3.3722818559085326,14.3150817761504,6.510370745173525
302.0,6.529964216067871,9.25105899894486,11.510275200911451,21.227866620354135,6.529964216067871,2.721094782876989,2.2592162019665913,9.717591419442684
303.0,13.72441672184431,16.179621862470775,23.257369758263017,34.04693638445342,13.72441672184431,2.4552051406264646,7.077747895792243,10.7895666261904
304.0,18.862793117689932,28.848377752845064,30.922348482174286,32.48214612485662,18.862793117689932,9.985584635155131,2.073970729329222,1.5597976426823337
305.0,8.769321120993645,10.555579334484818,11.061887564343952,13.797752052575241,8.769321120993645,1.7862582134911733,0.5063082298591333,2.7358644882312895
306.0,2.298534962450411,2.6681697986507373,19.724312214929604,24.925924270515612,2.298534962450411,0.36963483620032633,17.056142416278867,5.201612055586008
307.0,23.633458036024024,25.14140254197605,25.583142834745992,30.588186599534083,23.633458036024024,1.5079445059520253,0.44174029276994276,5.005043764788091
308.0,13.345115912993439,15.027502388911678,16.723183089434716,31.141556285676266,13.345115912993439,1.6823864759182392,1.695680700523038,14.41837319624155
309.0,5.0678346058925925,7.615586645241258,32.533486249246536,32.6420219037345,5.0678346058925925,2.5477520393486657,24.917899604005278,0.10853565448796587
310.0,8.067377978354639,8.731807854472219,13.144042609687524,14.280423091237573,8.067377978354639,0.6644298761175804,4.412234755215305,1.1363804815500487
311.0,0.7727680789002207,1.9982217889997216,15.58341119783164,25.24001052705419,0.7727680789002207,1.2254537100995009,13.58518940883192,9.656599329222548
312.0,1.1639302484617389,7.043351044157227,16.521796347834528,27.743467942209648,1.1639302484617389,5.879420795695488,9.4784453036773,11.22167159437512
313.0,0.6059226413029108,7.130478104526954,10.125164211870363,19.560616226560498,0.6059226413029108,6.5245554632240435,2.9946861073434086,9.435452014690135
314.0,2.05203645748297,5.100389955179715,24.787777453210765,30.628342489099193,2.05203645748297,3.048353497696745,19.68738749803105,5.840565035888428
315.0,1.212580975179371,19.76774380051816,20.699781632272547,31.520520840883346,1.212580975179371,18.55516282533879,0.9320378317543856,10.8207392086108
316.0,1.079790539160939,4.096318234639668,16.920617043098535,29.132430294328774,1.079790539160939,3.016527695478729,12.824298808458867,12.21181325123024
317.0,4.2075783140988925,5.052234417617143,10.131503214503365,13.98023597755051,4.2075783140988925,0.8446561035182505,5.079268796886222,3.8487327630471455
318.0,13.98299924687785,24.77979462600564,30.710526609778587,34.35381465159429,13.98299924687785,10.79679537912779,5.930731983772947,3.6432880418157048
319.0,1.5601845765535032,13.254882050550705,18.57778600183441,32.909896065597685,1.5601845765535032,11.694697473997202,5.322903951283706,14.332110063763274
320.0,5.461583037890524,14.934141671078123,19.71486872150294,27.83419460381784,5.461583037890524,9.4725586331876,4.780727050424815,8.1193258823149
321.0,9.706521266589167,20.12727611435818,23.493609135133745,29.210692189368558,9.706521266589167,10.420754847769015,3.3663330207755635,5.717083054234813
322.0,17.886139106121945,21.178788972311335,23.91535544836099,27.537832952811677,17.886139106121945,3.2926498661893895,2.7365664760496564,3.6224775044506856
323.0,7.206089204317532,12.646948991156943,15.707520873653802,21.199200144683786,7.206089204317532,5.440859786839411,3.060571882496859,5.491679271029984
324.0,19.988092255786853,24.52124225676332,24.98003016768847,32.987353369163934,19.988092255786853,4.533150000976466,0.4587879109251496,8.007323201475465
325.0,4.340915435467963,13.983235387018304,14.039211433066487,18.74666062684914,4.340915435467963,9.642319951550341,0.05597604604818329,4.707449193782651
326.0,1.5583140872012748,7.229389955103503,28.5717421455628,33.728641729928626,1.5583140872012748,5.671075867902228,21.342352190459298,5.156899584365824
327.0,4.031515752460663,4.717307835696303,9.988583153905616,22.5748418290158,4.031515752460663,0.6857920832356399,5.271275318209312,12.586258675110184
328.0,5.207226610625028,8.721582580599286,18.648116748144176,19.428696908497407,5.207226610625028,3.5143559699742575,9.92653416754489,0.7805801603532316
329.0,2.3678968612367086,9.874807154542985,15.663208458052367,34.43802334691757,2.3678968612367086,7.506910293306277,5.7884013035093815,18.7748148888652
330.0,6.666704383136299,7.871165582440852,14.758094318001014,19.57893232878714,6.666704383136299,1.2044611993045535,6.886928735560161,4.820838010786126
331.0,2.8882184493672867,16.427145880254315,20.693252161212932,28.449444155479636,2.8882184493672867,13.538927430887028,4.266106280958617,7.756191994266704
332.0,0.24275281307212282,4.028458733678644,12.157511249344932,12.229008638254001,0.24275281307212282,3.785705920606521,8.129052515666288,0.07149738890906931
333.0,16.232600662307,20.983545378720464,22.877809826566626,28.636395602680587,16.232600662307,4.750944716413464,1.8942644478461617,5.758585776113961
334.0,8.582884276942092,13.630113029973643,19.946040774828223,31.747885922645803,8.582884276942092,5.0472287530315505,6.31592774485458,11.80184514781758
335.0,0.5957108892497516,15.300287671260715,15.30514021232769,27.170425510281362,0.5957108892497516,14.704576782010964,0.00485254106697397,11.865285297953672
336.0,2.962914345902959,3.564906692545751,4.849915555721328,16.81212813401026,2.962914345902959,0.6019923466427919,1.2850088631755767,11.96221257828893
337.0,12.90980354877815,16.631875408960493,20.288583113539772,26.397615877082405,12.90980354877815,3.722071860182343,3.6567077045792793,6.109032763542633
338.0,1.1793478007558775,17.010622021039573,24.49593421404314,28.155918171099,1.1793478007558775,15.831274220283696,7.4853121930035655,3.6599839570558608
339.0,7.245826775702312,11.15502542878956,16.800867463643453,33.74976766775304,7.245826775702312,3.9091986530872482,5.645842034853892,16.948900204109588
340.0,11.798880337720622,12.205616969165387,13.05299231654028,19.327265724791378,11.798880337720622,0.40673663144476535,0.8473753473748928,6.274273408251098
341.0,0.5717251285656104,7.8749248692743095,13.581563113755497,31.571064564184358,0.5717251285656104,7.303199740708699,5.706638244481187,17.98950145042886
342.0,0.9934300837290664,3.730253750181106,13.771919775807586,24.46831272435098,0.9934300837290664,2.7368236664520396,10.04166602562648,10.696392948543394
343.0,1.8737774472434339,5.899322124716431,19.59875730875794,25.79434626613524,1.8737774472434339,4.025544677472997,13.699435184041509,6.1955889573773
344.0,1.1576307518943239,9.256874377352812,9.599998460970426,19.956386174054426,1.1576307518943239,8.099243625458488,0.3431240836176137,10.356387713084
345.0,1.201152908643408,8.478914680360589,19.14147197552068,26.4815729736462,1.201152908643408,7.277761771717181,10.662557295160092,7.340100998125521
346.0,0.49155128053431696,4.144431345720431,20.279967567982435,29.713005807023933,0.49155128053431696,3.652880065186114,16.135536222262004,9.433038239041498
347.0,20.451844335445525,22.188401120317437,26.635562761208,34.296334282478966,20.451844335445525,1.7365567848719117,4.447161640890563,7.660771521270966
348.0,5.005439729538736,10.286228751865366,19.163102528619596,33.64734049924473,5.005439729538736,5.28078902232663,8.87687377675423,14.48423797062513
349.0,18.823787672787518,23.411587845760273,27.795754964649856,33.79774742006558,18.823787672787518,4.587800172972756,4.384167118889582,6.001992455415728
350.0,2.233018694404741,5.522453339984548,11.362008077117327,20.016181090729297,2.233018694404741,3.2894346455798065,5.839554737132779,8.65417301361197
351.0,14.076378551512043,16.037672317882482,20.60602429616895,22.895859266799782,14.076378551512043,1.9612937663704386,4.5683519782864686,2.2898349706308316
352.0,0.8935564464988914,11.103702183666062,12.521422508439688,21.648723402980437,0.8935564464988914,10.21014573716717,1.4177203247736259,9.127300894540749
353.0,0.6748421627931336,1.6380484804174174,1.884944551399009,6.767308097164513,0.6748421627931336,0.9632063176242838,0.24689607098159172,4.882363545765504
354.0,13.083087505516946,15.709738932661857,16.572257506398415,31.68149315250191,13.083087505516946,2.6266514271449104,0.8625185737365584,15.109235646103496
355.0,8.20885704242911,15.285312121066102,24.198652246209956,26.256668074518046,8.20885704242911,7.076455078636993,8.913340125143854,2.05801582830809
356.0,3.2229887040601852,10.677556493044221,19.82595142141016,33.509314841363576,3.2229887040601852,7.454567788984036,9.148394928365938,13.683363419953416
357.0,3.896011002352619,7.818372180871208,24.14438589995234,32.28871397953552,3.896011002352619,3.922361178518589,16.326013719081132,8.144328079583183
358.0,5.311739719186228,20.237833226854683,28.54071112472966,34.69662287985668,5.311739719186228,14.926093507668455,8.302877897874978,6.155911755127022
359.0,10.953556008353125,16.57080894295041,25.86724140909912,26.929789741963717,10.953556008353125,5.6172529345972855,9.296432466148708,1.0625483328645977
360.0,10.176527686500272,20.954050218067174,28.578396932818375,32.440190966093496,10.176527686500272,10.777522531566902,7.624346714751201,3.861794033275121
361.0,9.346678066193316,12.557523563955243,18.32115957736974,18.903463196749886,9.346678066193316,3.2108454977619267,5.763636013414498,0.582303619380145
362.0,3.4756382650354034,15.696186798034589,25.273161419850798,29.878651748875768,3.4756382650354034,12.220548532999185,9.576974621816209,4.6054903290249705
363.0,8.01808327322291,13.759519135717419,19.03183175731087,26.8374219977024,8.01808327322291,5.741435862494509,5.27231262159345,7.805590240391531
364.0,4.441126281738185,4.453814105625266,8.614837980528787,21.12862683284815,4.441126281738185,0.012687823887080896,4.16102387490352,12.513788852319362
365.0,11.93903154195478,22.98289532513911,31.78223922199606,33.165802348191015,11.93903154195478,11.043863783184332,8.79934389685695,1.3835631261949537
366.0,4.099153221652404,5.853531061374866,16.53965610543011,25.967011440401045,4.099153221652404,1.754377839722462,10.686125044055245,9.427355334970933
367.0,1.001367016681364,8.221440265521949,8.711978374063293,9.140082866970516,1.001367016681364,7.220073248840585,0.49053810854134383,0.42810449290722374
368.0,5.224135987648985,18.682968764587436,23.58933338973171,34.865702199549155,5.224135987648985,13.45883277693845,4.906364625144274,11.276368809817445
369.0,0.6675527276475108,11.71761839720515,28.161424441534237,28.3039187529257,0.6675527276475108,11.05006566955764,16.443806044329087,0.14249431139146296
370.0,8.097454169889449,8.682625305404954,28.404170444257932,29.147252725806773,8.097454169889449,0.5851711355155054,19.721545138852978,0.7430822815488405
371.0,8.09530790364439,8.353577263566564,12.999750058335731,23.39390568753881,8.09530790364439,0.25826935992217415,4.646172794769168,10.394155629203077
372.0,18.64481270817423,22.267798974243576,25.62603507660771,34.63454877532703,18.64481270817423,3.622986266069347,3.3582361023641347,9.008513698719323
373.0,4.471117303726427,21.65502541268031,27.29678162077604,27.811310262119562,4.471117303726427,17.183908108953883,5.641756208095732,0.5145286413435208
374.0,1.6843503069908579,10.572093510631337,27.1098693847417,34.46932578669454,1.6843503069908579,8.887743203640479,16.537775874110363,7.359456401952841
375.0,9.528327541988023,13.339976301461078,13.907300122462342,26.202938785112533,9.528327541988023,3.811648759473055,0.5673238210012634,12.295638662650191
376.0,4.366357456503778,10.167270382353447,20.94633229227528,24.754054142056383,4.366357456503778,5.800912925849669,10.779061909921833,3.807721849781103
377.0,5.290455062882671,7.131998411782067,16.055638891957415,19.7439660694773,5.290455062882671,1.8415433488993962,8.923640480175347,3.6883271775198843
378.0,6.808496567543074,12.599195546027513,13.617584950355113,20.641144933406984,6.808496567543074,5.790698978484439,1.0183894043275998,7.023559983051872
379.0,9.988728843693405,16.158628719027394,17.44876543720373,30.121266375940873,9.988728843693405,6.169899875333989,1.2901367181763348,12.672500938737144
380.0,11.557234493107739,20.933809775941697,27.70329598411045,27.83941129711302,11.557234493107739,9.376575282833958,6.769486208168754,0.13611531300256985
381.0,1.7847932638395534,3.42276101548482,16.111004642522794,21.779935316125027,1.7847932638395534,1.6379677516452666,12.688243627037973,5.668930673602233
382.0,1.4701250290191155,26.452533973118655,31.963288426022178,34.02344512094442,1.4701250290191155,24.98240894409954,5.510754452903523,2.060156694922245
383.0,1.5716374703284899,2.7565632496763044,7.20607926274316,22.801254609972915,1.5716374703284899,1.1849257793478145,4.449516013066855,15.595175347229755
384.0,1.4833262722981075,4.59760353928074,16.83170420542478,22.031611156778457,1.4833262722981075,3.114277266982633,12.234100666144041,5.199906951353675
385.0,18.430270240774796,32.08219612908517,33.18417640945722,34.18537414016553,18.430270240774796,13.651925888310373,1.1019802803720538,1.0011977307083058
386.0,2.4159501550328955,3.0881634155936055,4.272010901914168,5.850655915089501,2.4159501550328955,0.6722132605607101,1.1838474863205626,1.5786450131753327
387.0,2.2319699082911058,6.540804843133554,14.200482854791357,33.85370691598961,2.2319699082911058,4.308834934842448,7.659678011657803,19.653224061198255
388.0,11.878535235581626,16.429916979667073,17.380367381544445,18.66099090934728,11.878535235581626,4.551381744085447,0.9504504018773723,1.2806235278028346
389.0,5.71250251408857,28.372162785723898,33.01051500433522,33.32738822292794,5.71250251408857,22.659660271635328,4.63835221861132,0.31687321859271833
390.0,3.785744441182615,9.10177543871383,12.573805893399943,34.79363386072434,3.785744441182615,5.3160309975312146,3.472030454686113,22.2198279673244
391.0,7.681910156910131,12.465609478734002,27.404836439311847,29.305107971486983,7.681910156910131,4.783699321823871,14.939226960577844,1.900271532175136
392.0,9.808547984816926,11.831115391754768,14.794382380491733,28.14094478673985,9.808547984816926,2.022567406937842,2.963266988736965,13.346562406248118
393.0,15.942659944530511,23.05318935946461,27.792953212746514,31.54956666451763,15.942659944530511,7.110529414934099,4.739763853281904,3.7566134517711163
394.0,3.1017998506487032,9.656033075257373,18.51238720288006,33.93941634336077,3.1017998506487032,6.554233224608669,8.856354127622687,15.427029140480709
395.0,1.6184230371967274,3.0537471879778195,14.597272165135927,23.06202782161937,1.6184230371967274,1.435324150781092,11.543524977158107,8.464755656483444
396.0,5.650367778621508,15.256766972434026,16.416645048905014,31.410682060547757,5.650367778621508,9.606399193812518,1.1598780764709886,14.994037011642742
397.0,0.22644870276590012,1.8345575404683174,2.5121353088508016,10.980665332878662,0.22644870276590012,1.6081088377024173,0.6775777683824842,8.46853002402786
398.0,17.39393223521878,19.275986500876133,29.77582297417031,32.51158333819903,17.39393223521878,1.8820542656573522,10.499836473294177,2.735760364028721
399.0,5.180381190744278,5.243705089083438,21.219754001872317,25.578135183495,5.180381190744278,0.06332389833915997,15.97604891278888,4.358381181622683
400.0,9.725670678518608,12.402481455397545,14.462252411810923,27.45218941495153,9.725670678518608,2.6768107768789378,2.0597709564133773,12.989937003140607
401.0,7.977653458307518,19.13588154832211,21.622997473251292,29.08984817323675,7.977653458307518,11.158228090014592,2.4871159249291814,7.466850699985457
402.0,0.6060116440721259,2.32015576401745,10.114278754081752,11.565391736811549,0.6060116440721259,1.714144119945324,7.794122990064302,1.4511129827297964
403.0,0.06281947375092045,15.36053741296611,16.112367494083745,19.68736781847506,0.06281947375092045,15.29771793921519,0.7518300811176353,3.575000324391315
404.0,11.880359828941184,18.722555159130966,22.92956943843304,30.341909903455978,11.880359828941184,6.8421953301897815,4.207014279302076,7.412340465022936
405.0,2.2451959477829604,28.10260661870783,31.20879905646996,31.991253360414703,2.2451959477829604,25.85741067092487,3.106192437762129,0.7824543039447427
406.0,14.010610607175263,29.493251362455265,30.295966464348954,32.38142569622431,14.010610607175263,15.482640755280002,0.8027151018936891,2.085459231875358
407.0,12.983491162284409,17.28686015814669,22.213212579838512,28.419090927574693,12.983491162284409,4.303368995862282,4.926352421691821,6.205878347736181
408.0,3.6662551437146504,16.57943084536669,25.85089735529057,29.842754449074622,3.6662551437146504,12.91317570165204,9.27146650992388,3.991857093784052
409.0,3.5155760198981447,10.14450497100136,22.770785302688804,27.214100800996363,3.5155760198981447,6.628928951103216,12.626280331687443,4.443315498307559
410.0,3.480006794113418,16.45643813252137,25.87051561714651,34.92180830708898,3.480006794113418,12.976431338407952,9.414077484625139,9.051292689942471
411.0,11.525629721089722,24.28055654335612,27.679220531941247,30.660442524256805,11.525629721089722,12.754926822266398,3.3986639885851275,2.9812219923155574
412.0,6.5084896409838215,18.756963647318187,23.115035614194895,32.660388233811474,6.5084896409838215,12.248474006334366,4.358071966876707,9.54535261961658
413.0,5.519569136577132,11.246223275603274,11.731335786058562,20.35460200083203,5.519569136577132,5.726654139026142,0.4851125104552878,8.62326621477347
414.0,7.264102534867803,18.41830273338477,27.869512876947944,33.30026537151677,7.264102534867803,11.154200198516968,9.451210143563173,5.430752494568829
415.0,10.85492090364841,20.923327658886222,25.35093100478915,26.18541218308201,10.85492090364841,10.068406755237813,4.427603345902927,0.8344811782928616
416.0,1.6532556066014479,7.033945306392965,16.30248384587784,17.29893407217218,1.6532556066014479,5.3806896997915175,9.268538539484876,0.9964502262943391
417.0,6.725075834293225,16.845145323736066,26.274189074792517,32.04793662079706,6.725075834293225,10.120069489442841,9.42904375105645,5.773747546004543
418.0,2.69469556418791,7.002945762177291,15.559472649067786,18.247326864369043,2.69469556418791,4.308250197989381,8.556526886890495,2.6878542153012575
419.0,2.543361948878001,9.751168776602988,13.717298403502035,16.467892190257746,2.543361948878001,7.207806827724987,3.966129626899047,2.7505937867557115
420.0,1.0182744248554627,1.3948385348910222,5.14009258050811,10.812343717929114,1.0182744248554627,0.37656411003555945,3.745254045617088,5.672251137421004
421.0,10.929315534522754,16.864764894738446,19.740192059303343,32.41313779759495,10.929315534522754,5.935449360215692,2.875427164564897,12.672945738291606
422.0,14.739331380111366,22.747578439541456,25.239904317180496,34.952355282909984,14.739331380111366,8.00824705943009,2.49232587763904,9.712450965729488
423.0,0.8593345727784154,2.829985806679531,9.94017208450683,18.810375352282904,0.8593345727784154,1.9706512339011155,7.1101862778272995,8.870203267776073
424.0,10.074376295241805,12.420584304380458,30.326532658236385,31.740916096372835,10.074376295241805,2.3462080091386532,17.905948353855926,1.4143834381364506
425.0,8.69139357640525,25.732519852166405,30.04331972185925,32.030369003849486,8.69139357640525,17.041126275761155,4.310799869692843,1.9870492819902381
426.0,0.4080054546881584,4.107448994190374,12.493508751707637,34.93308446669524,0.4080054546881584,3.699443539502216,8.386059757517263,22.439575714987605
427.0,2.1938786667391312,21.5756066758076,23.932840310525407,25.052522359531366,2.1938786667391312,19.381728009068468,2.357233634717808,1.1196820490059594
428.0,1.8413110804836137,16.932975488828298,28.183977794671232,30.049378645897626,1.8413110804836137,15.091664408344684,11.251002305842935,1.8654008512263935
429.0,14.032427855670008,16.24533709343312,28.884086580177446,33.917891809119205,14.032427855670008,2.2129092377631103,12.638749486744327,5.033805228941759
430.0,1.2355131301469626,1.6113333048274256,10.182180522634617,33.82598097938096,1.2355131301469626,0.375820174680463,8.570847217807191,23.64380045674634
431.0,12.956648598473183,14.91289018675825,16.83169765161435,22.784665820925582,12.956648598473183,1.9562415882850672,1.9188074648560978,5.952968169311234
432.0,11.625481000131025,13.259577368269529,16.279825093830652,22.841927175277974,11.625481000131025,1.6340963681385041,3.0202477255611235,6.562102081447321
433.0,7.305631654350638,7.379517637983412,17.704318935782137,21.104003639468903,7.305631654350638,0.0738859836327741,10.324801297798725,3.3996847036867663
434.0,2.9119105610764606,6.957110704694088,18.756226897451647,33.77066336245353,2.9119105610764606,4.0452001436176275,11.799116192757559,15.014436465001886
435.0,4.903932432198101,17.46391090974263,31.575242430289585,32.54713662364682,4.903932432198101,12.55997847754453,14.111331520546955,0.9718941933572367
436.0,24.378738964806686,27.982516933930484,29.42328957940464,34.338374532537635,24.378738964806686,3.603777969123797,1.440772645474155,4.915084953132997
437.0,2.2492934091154098,3.3838693007202245,11.833237408239459,15.821613174301675,2.2492934091154098,1.1345758916048148,8.449368107519234,3.988375766062216
438.0,2.805795895722106,4.204996457604654,5.405228515077859,9.698257698107799,2.805795895722106,1.399200561882548,1.2002320574732046,4.29302918302994
439.0,16.237090063075303,30.180317013316316,33.22664926156594,34.51232375753722,16.237090063075303,13.943226950241012,3.046332248249623,1.2856744959712785
440.0,3.554617028040578,7.602279890021411,10.200960670197745,10.689205352434453,3.554617028040578,4.047662861980832,2.598680780176334,0.4882446822367079
441.0,4.155796178527311,5.7848179976023495,18.362727824025946,19.416224429138996,4.155796178527311,1.6290218190750387,12.577909826423596,1.0534966051130503
442.0,2.166115543175735,13.680984672747325,27.6057960049471,30.16951099114771,2.166115543175735,11.51486912957159,13.924811332199774,2.563714986200612
443.0,14.174812193954438,15.25351740174629,18.373899366773284,22.558095209221836,14.174812193954438,1.0787052077918524,3.1203819650269935,4.184195842448553
444.0,11.689484128497927,14.530989772995856,31.72207535811705,32.429888961222524,11.689484128497927,2.8415056444979285,17.191085585121193,0.7078136031054747
445.0,17.905509170305635,23.252175054040308,30.15346103451631,34.79973260105876,17.905509170305635,5.346665883734673,6.901285980476004,4.646271566542445
446.0,11.998931441743384,22.454226559944793,24.980242321060768,34.91661392657749,11.998931441743384,10.455295118201409,2.526015761115975,9.936371605516722
447.0,15.770178720449692,20.107353361623183,22.33397039574426,33.56858699491641,15.770178720449692,4.33717464117349,2.2266170341210767,11.23461659917215
448.0,3.166958321187092,8.899941717137093,10.469245393925654,16.113411681380494,3.166958321187092,5.732983395950001,1.5693036767885609,5.644166287454841
449.0,13.115421536166238,27.359469058650724,30.200165041609075,33.547360349837376,13.115421536166238,14.244047522484486,2.8406959829583514,3.347195308228301
450.0,3.1674791044621564,19.550528733149825,24.669043959696285,29.492652016916256,3.1674791044621564,16.38304962868767,5.11851522654646,4.823608057219971
451.0,7.877731442372504,16.203144742565684,19.448328004031353,21.015629558102866,7.877731442372504,8.32541330019318,3.2451832614656695,1.5673015540715127
452.0,0.8715862270217016,11.558806620206639,15.394687629821476,33.67615764471637,0.8715862270217016,10.687220393184937,3.8358810096148375,18.281470014894893
453.0,7.1265212717050765,13.940482240937186,23.296399683426486,27.742090185298252,7.1265212717050765,6.8139609692321095,9.3559174424893,4.445690501871766
454.0,7.9514077682584485,16.577667801759606,18.916041830542802,29.40492088987887,7.9514077682584485,8.626260033501158,2.3383740287831962,10.488879059336067
455.0,5.137738523241591,9.586001775428734,10.260461824883155,21.89926707313523,5.137738523241591,4.448263252187143,0.6744600494544208,11.638805248252076
456.0,9.304880001100287,11.807159485878628,20.652987658810662,34.66072577877927,9.304880001100287,2.5022794847783416,8.845828172932034,14.00773811996861
457.0,8.395956095940246,10.303824720232779,17.852306451128708,32.68451529084665,8.395956095940246,1.907868624292533,7.548481730895929,14.83220883971794
458.0,4.82529396728129,14.082278791110195,17.393853566852954,24.154765071022084,4.82529396728129,9.256984823828905,3.311574775742759,6.76091150416913
459.0,5.458999412746866,7.940035230200969,17.831445608227764,22.071135519163136,5.458999412746866,2.481035817454103,9.891410378026794,4.239689910935372
460.0,3.6254427232139435,15.994630490236794,23.35432911937535,28.41387925301917,3.6254427232139435,12.36918776702285,7.359698629138556,5.059550133643821
461.0,4.103935619841373,10.128113933206265,12.506999335453568,18.646574415759602,4.103935619841373,6.024178313364892,2.3788854022473025,6.1395750803060345
462.0,10.872788998687568,23.457450664342257,26.42046871873065,29.399015215683207,10.872788998687568,12.58466166565469,2.9630180543883924,2.978546496952557
463.0,1.0615523162636649,3.1263347883330326,11.667335427070935,11.946419314514706,1.0615523162636649,2.0647824720693677,8.541000638737902,0.27908388744377177
464.0,7.0724967627737065,16.598282088407487,19.518869757006208,30.96555348265281,7.0724967627737065,9.52578532563378,2.9205876685987207,11.4466837256466
465.0,7.331788250303294,8.982655867912577,15.72416139923887,19.233317298713754,7.331788250303294,1.6508676176092827,6.741505531326293,3.5091558994748837
466.0,9.35097661213005,17.76290041465961,22.20418545122596,32.30710997264222,9.35097661213005,8.41192380252956,4.441285036566349,10.102924521416263
467.0,4.131361793002778,5.618047115691919,8.08575791787306,30.445875128008765,4.131361793002778,1.4866853226891408,2.4677108021811414,22.360117210135705
468.0,8.449361069628445,11.43664546915496,14.480422668134306,20.363090646974335,8.449361069628445,2.9872843995265157,3.0437771989793454,5.882667978840029
469.0,1.6775863948416045,6.79100714859478,8.507475953379533,17.47703015999772,1.6775863948416045,5.113420753753175,1.7164688047847534,8.969554206618188
470.0,1.1256729755617627,4.812902066438966,10.292821228996306,17.687669955222475,1.1256729755617627,3.687229090877203,5.479919162557341,7.394848726226169
471.0,5.305424691994315,10.95294491960097,24.74827678413235,32.014348330448925,5.305424691994315,5.647520227606655,13.79533186453138,7.266071546316574
472.0,11.893124960473695,13.418093624074487,23.02623939925877,29.609193962527247,11.893124960473695,1.5249686636007915,9.608145775184283,6.582954563268476
473.0,0.669883991380722,3.029745332988682,4.369268782182367,14.607080570910828,0.669883991380722,2.35986134160796,1.3395234491936847,10.237811788728461
474.0,3.109610217396636,13.863221123919391,20.916039353630403,26.29100541655366,3.109610217396636,10.753610906522756,7.052818229711011,5.3749660629232565
475.0,1.1592527676347046,10.643000882409048,16.303648587230516,30.148503710389466,1.1592527676347046,9.483748114774343,5.660647704821468,13.84485512315895
476.0,22.147434322940207,27.624543257687165,29.934445380857436,34.58507007243446,22.147434322940207,5.477108934746958,2.3099021231702714,4.6506246915770255
477.0,0.5492597383020055,2.548492736207521,6.0272510279710545,28.614803859188978,0.5492597383020055,1.9992329979055157,3.4787582917635334,22.587552831217923
478.0,8.127021483382965,11.677910326408856,16.06196140239682,17.309226465632918,8.127021483382965,3.5508888430258914,4.384051075987962,1.2472650632360995
479.0,16.638184618067488,21.60044376974914,24.352644070481634,30.444819010684842,16.638184618067488,4.962259151681653,2.7522003007324933,6.092174940203208
480.0,21.33480298981224,23.794727261806045,31.731050759272676,33.92822511789671,21.33480298981224,2.459924271993806,7.936323497466631,2.197174358624032
481.0,23.883699279539645,28.981740629430565,32.83384340378177,33.41772797743525,23.883699279539645,5.09804134989092,3.8521027743512057,0.5838845736534779
482.0,13.263134084201837,18.46340579862294,34.25419201376484,34.70258348740941,13.263134084201837,5.200271714421103,15.790786215141903,0.44839147364456977
483.0,15.773226400074762,16.582511172687852,31.78152864293852,33.272226036475956,15.773226400074762,0.8092847726130898,15.19901747025067,1.4906973935374346
484.0,9.219861682753855,12.840828453312746,17.92049305725528,28.43792462892855,9.219861682753855,3.6209667705588906,5.079664603942533,10.51743157167327
485.0,0.7237457044203239,2.706123619904389,7.022801616363473,17.753204569992896,0.7237457044203239,1.982377915484065,4.3166779964590845,10.730402953629422
486.0,13.179333405819843,15.989272624166688,20.992377065080387,24.838366658215733,13.179333405819843,2.8099392183468446,5.003104440913699,3.8459895931353465
487.0,6.815973446264632,14.753050826897365,16.629903038168024,19.550307577405402,6.815973446264632,7.937077380632733,1.8768522112706592,2.920404539237378
488.0,3.7739131049171846,10.053072098820387,11.81077984063717,30.33704791847724,3.7739131049171846,6.279158993903202,1.757707741816784,18.52626807784007
489.0,3.339556029815334,10.436971710144427,13.33120344058139,22.816923773669465,3.339556029815334,7.097415680329092,2.894231730436964,9.485720333088075
490.0,8.050477339351616,9.351089424139012,12.14121308626023,21.212195944873642,8.050477339351616,1.3006120847873959,2.7901236621212178,9.070982858613412
491.0,7.960489331582416,13.668045997340062,27.041236975020457,27.045776093410836,7.960489331582416,5.707556665757647,13.373190977680395,0.004539118390379571
492.0,8.920710640347373,14.306989709468784,21.138082763578474,22.894807825081884,8.920710640347373,5.386279069121411,6.83109305410969,1.7567250615034098
493.0,5.89390355822961,7.52860985335062,17.223473883754277,19.633304141581647,5.89390355822961,1.6347062951210098,9.694864030403657,2.4098302578273696
494.0,9.661829469148866,15.288647173369437,22.793802264601894,25.510634109505666,9.661829469148866,5.626817704220571,7.5051550912324565,2.7168318449037727
495.0,10.14547087946368,28.425202670215377,30.011024661644626,30.84058678677919,10.14547087946368,18.279731790751697,1.585821991429249,0.8295621251345651
496.0,5.222759766181216,8.48191901184169,9.73077450556935,10.217715214990058,5.222759766181216,3.2591592456604737,1.2488554937276604,0.48694070942070766
497.0,14.813674726080883,19.076445773022066,19.855864819834693,28.44574410401306,14.813674726080883,4.262771046941182,0.7794190468126274,8.589879284178366
498.0,4.964920589398325,21.90641174952399,23.18050401141461,27.10329098062919,4.964920589398325,16.941491160125665,1.274092261890619,3.922786969214581
499.0,2.5564725624115,10.339691397601296,29.67520192618224,32.66377937955582,2.5564725624115,7.783218835189796,19.335510528580944,2.98857745337358
500.0,12.217430938787452,18.82860378224313,22.666277855146525,29.829371544118633,12.217430938787452,6.611172843455677,3.837674072903397,7.163093688972108
501.0,0.5264479047110271,1.9882010740680514,13.816017479026215,23.79021740366613,0.5264479047110271,1.4617531693570243,11.827816404958163,9.974199924639915
502.0,1.1680142896589558,7.058952020085648,11.891639696334753,18.70482390855565,1.1680142896589558,5.8909377304266926,4.832687676249105,6.8131842122208965
503.0,5.36280248728966,11.112863655494838,12.431288600904551,20.518675339208592,5.36280248728966,5.750061168205178,1.3184249454097134,8.08738673830404
504.0,10.691087539369136,23.062971900030327,26.652946816011003,27.55465051832738,10.691087539369136,12.371884360661191,3.589974915980676,0.9017037023163788
505.0,5.038179941919246,18.469989752196938,20.900974594948742,23.934706707478025,5.038179941919246,13.431809810277691,2.430984842751805,3.0337321125292824
506.0,6.163071966811568,20.307176257979727,27.550762009441875,34.528965020761,6.163071966811568,14.144104291168158,7.243585751462149,6.978203011319124
507.0,14.519131652375975,23.557922642160058,23.69939278524789,25.497324692909572,14.519131652375975,9.038790989784083,0.14147014308783312,1.797931907661681
508.0,2.321063964405681,3.0920091969919596,8.294968011944793,10.419891050323415,2.321063964405681,0.7709452325862785,5.202958814952833,2.124923038378622
509.0,4.685825931390667,11.473625114133409,15.32378709575434,30.938637839122816,4.685825931390667,6.7877991827427415,3.850161981620932,15.614850743368475
510.0,12.260995251198413,23.125205592813536,23.299880012855024,33.80723194745973,12.260995251198413,10.864210341615124,0.17467442004148737,10.507351934604703
511.0,2.6284106202073474,4.928635005260865,6.661862784664354,14.950217591133214,2.6284106202073474,2.300224385053518,1.7332277794034887,8.28835480646886
512.0,3.17843769670203,5.254404484307106,7.076751094247722,28.2867687363403,3.17843769670203,2.0759667876050756,1.8223466099406167,21.210017642092577
513.0,12.059021630876238,12.260639295808552,13.598982140387971,16.70476382823446,12.059021630876238,0.20161766493231426,1.3383428445794188,3.1057816878464877
514.0,16.521654737653822,23.79421237400929,24.47855619107235,29.043217414720875,16.521654737653822,7.272557636355469,0.6843438170630591,4.564661223648525
515.0,9.295382139287362,10.792712770037678,24.739007574793902,33.81502828861305,9.295382139287362,1.4973306307503158,13.946294804756224,9.076020713819148
516.0,7.2742769583692635,14.310924101159248,15.097503445968819,33.174521752717084,7.2742769583692635,7.036647142789985,0.7865793448095708,18.077018306748265
517.0,5.305719323370628,7.060458541639477,16.61684940798628,20.399770120950883,5.305719323370628,1.754739218268849,9.556390866346803,3.7829207129646036
518.0,5.894409752524201,6.753515125546283,12.485855239379063,23.108234725228574,5.894409752524201,0.8591053730220821,5.73234011383278,10.62237948584951
519.0,13.860572643745652,18.704671071970317,23.409023416330676,30.638990699329415,13.860572643745652,4.844098428224665,4.704352344360359,7.229967282998739
520.0,13.561445149523152,18.75120089620229,21.157333010572653,34.524736356732696,13.561445149523152,5.189755746679136,2.406132114370365,13.367403346160042
521.0,3.657058551245136,16.986835336584175,21.657321780657476,22.351407767372475,3.657058551245136,13.329776785339039,4.670486444073301,0.6940859867149989
522.0,5.697817850960778,6.841251335863177,11.713708849750805,28.26603293551441,5.697817850960778,1.143433484902399,4.872457513887628,16.552324085763605
523.0,1.3454266867118818,1.5046207002340068,11.393503833926076,15.723785726756322,1.3454266867118818,0.15919401352212503,9.888883133692069,4.3302818928302464
524.0,11.944283470227042,19.920687640902322,20.825071777982718,28.256353463667214,11.944283470227042,7.976404170675281,0.9043841370803953,7.431281685684496
525.0,2.875896465258755,3.3356428105929865,6.365228466690631,6.6400907105702665,2.875896465258755,0.4597463453342314,3.0295856560976446,0.2748622438796353
526.0,2.2550686566642213,2.9091644190536385,3.6226160257956863,6.480027394661292,2.2550686566642213,0.6540957623894172,0.7134516067420478,2.8574113688656055
527.0,10.054707056027517,22.66695653053835,34.225738645319375,34.657006753413704,10.054707056027517,12.612249474510833,11.558782114781025,0.43126810809432925
528.0,1.2378407643661475,4.786152491268528,11.108194885747764,17.020369521459262,1.2378407643661475,3.54831172690238,6.3220423944792365,5.912174635711498
529.0,5.259850831982149,9.575458008585496,9.99030311255834,20.24950018584711,5.259850831982149,4.315607176603347,0.41484510397284424,10.259197073288771
530.0,7.303137685104435,14.420725228650603,22.864093541559246,30.24742206118792,7.303137685104435,7.117587543546168,8.443368312908643,7.383328519628673
531.0,19.142403484537937,19.761946684190033,26.946731211053603,28.119711826623067,19.142403484537937,0.6195431996520959,7.18478452686357,1.1729806155694646
532.0,3.719639153967112,6.679755986260233,20.083565528020294,21.126630578157858,3.719639153967112,2.960116832293121,13.403809541760062,1.0430650501375638
533.0,6.517499257793705,7.909480893212201,18.39867573026551,26.799984422527235,6.517499257793705,1.391981635418496,10.489194837053308,8.401308692261725
534.0,6.271584113907146,10.402180034759983,28.41620774398157,31.84962952262785,6.271584113907146,4.130595920852837,18.014027709221587,3.433421778646281
535.0,18.494730060746324,24.132660617396564,24.37582409038178,29.836671704655018,18.494730060746324,5.63793055665024,0.24316347298521634,5.460847614273238
536.0,7.3612107184723605,17.67184406859787,20.98066161386577,28.709165790850783,7.3612107184723605,10.31063335012551,3.3088175452678996,7.7285041769850125
537.0,3.195807791088022,16.68212328850942,23.155959281391972,25.074405231810132,3.195807791088022,13.486315497421398,6.473835992882552,1.9184459504181604
538.0,12.872220795746067,15.598325172322273,16.065890160088756,31.34070863540284,12.872220795746067,2.726104376576206,0.46756498776648314,15.274818475314085
539.0,4.847142110859753,26.318216998546852,27.916531028825457,28.298483363987007,4.847142110859753,21.4710748876871,1.5983140302786047,0.38195233516155014
540.0,1.4791304276546242,18.872761828017982,18.9107418908125,34.87045693479762,1.4791304276546242,17.393631400363358,0.037980062794517266,15.959715043985124
541.0,4.485532052236092,7.4997980551516115,9.473089573189245,10.651789499511256,4.485532052236092,3.0142660029155195,1.9732915180376338,1.178699926322011
542.0,9.745408233754318,10.402603632818828,13.423932128608367,31.481152265809595,9.745408233754318,0.6571953990645092,3.0213284957895397,18.057220137201227
543.0,2.4041012983004464,10.38106810915389,15.732433776049401,25.89947475497054,2.4041012983004464,7.976966810853444,5.351365666895511,10.16704097892114
544.0,3.8725990922798026,7.281615057435108,19.91181713559927,33.34704425888581,3.8725990922798026,3.409015965155305,12.630202078164164,13.435227123286538
545.0,8.406906823927056,16.69615193923724,18.54036546001243,28.880830505043054,8.406906823927056,8.289245115310184,1.8442135207751917,10.340465045030623
546.0,1.7016258544955463,4.454062594683592,6.687263725171402,10.050465959499853,1.7016258544955463,2.7524367401880454,2.23320113048781,3.363202234328451
547.0,12.241774149787172,18.46867718249896,22.303022978073706,25.176389194559803,12.241774149787172,6.226903032711789,3.8343457955747446,2.8733662164860974
548.0,6.999705423794705,8.678363312782917,11.42532132173995,23.75935151181827,6.999705423794705,1.6786578889882122,2.7469580089570336,12.33403019007832
549.0,4.042411028808132,12.356573276691982,12.877511455968929,14.132930207515944,4.042411028808132,8.31416224788385,0.5209381792769463,1.2554187515470154
550.0,6.230976178445953,14.309097945181811,15.260870975061756,34.55236216599573,6.230976178445953,8.078121766735858,0.9517730298799449,19.291491190933975
551.0,1.9406839754283496,23.037923276705158,23.19077942489543,26.517330018405417,1.9406839754283496,21.097239301276808,0.15285614819027415,3.3265505935099853
552.0,1.2699477371610186,7.938867982451253,15.379679930461482,19.16471123914001,1.2699477371610186,6.668920245290234,7.440811948010229,3.78503130867853
553.0,10.185099544375124,12.384001026119158,25.87590958025328,31.981908438634377,10.185099544375124,2.198901481744034,13.49190855413412,6.105998858381099
554.0,14.573938262352264,15.14903510245328,17.368260371129132,30.8706937268513,14.573938262352264,0.5750968401010148,2.219225268675853,13.502433355722168
555.0,4.468038999544692,7.008963147330476,18.19824574922082,25.1287528259424,4.468038999544692,2.540924147785784,11.189282601890344,6.930507076721579
556.0,1.1284632922681865,12.57403104627711,19.478055369368384,22.943813915218307,1.1284632922681865,11.445567754008923,6.904024323091274,3.4657585458499227
557.0,5.807748057280314,21.46002537805982,24.887944869076183,31.944057980331404,5.807748057280314,15.652277320779508,3.427919491016361,7.056113111255222
558.0,14.864536205431992,15.457856282209647,18.070050417003564,27.863407811264896,14.864536205431992,0.5933200767776547,2.612194134793917,9.793357394261331
559.0,2.5673632745113864,19.52280948455295,28.527315528183497,33.320160201078615,2.5673632745113864,16.955446210041565,9.004506043630546,4.792844672895118
560.0,3.5903510414348787,8.792925551959442,9.214110061376257,14.138339536175312,3.5903510414348787,5.202574510524563,0.42118450941681473,4.924229474799056
561.0,0.7092326618516367,8.107727051773253,22.177734829154954,25.38533346041943,0.7092326618516367,7.398494389921616,14.0700077773817,3.207598631264478
562.0,2.6653192659650173,12.981917948657639,17.568222230713605,30.91690456646705,2.6653192659650173,10.316598682692621,4.586304282055966,13.348682335753445
563.0,12.474724686174756,18.08673848481462,23.570293705359525,28.63112973237932,12.474724686174756,5.612013798639865,5.483555220544904,5.060836027019796
564.0,1.086636285258443,4.845768338987082,7.768704600273772,29.249749510342852,1.086636285258443,3.7591320537286386,2.92293626128669,21.48104491006908
565.0,4.606180126825375,5.272861178705284,8.126749793394278,8.427823553169485,4.606180126825375,0.6666810518799089,2.8538886146889944,0.3010737597752069
566.0,4.292290094227777,8.271279550418274,13.425096615946625,15.591825274867027,4.292290094227777,3.9789894561904973,5.153817065528351,2.166728658920402
567.0,2.9762298765592234,6.65085392540767,6.66281602575226,8.519438903379807,2.9762298765592234,3.6746240488484467,0.011962100344589999,1.8566228776275473
568.0,11.44821387432755,14.883931862998796,28.86845175439474,29.04576159340199,11.44821387432755,3.4357179886712466,13.984519891395944,0.1773098390072505
569.0,2.8197800716841996,8.11202245907102,19.04145776007756,30.610744715882788,2.8197800716841996,5.292242387386821,10.929435301006539,11.569286955805229
570.0,9.050390414359132,16.05902772863043,26.676035581073062,31.524108517563143,9.050390414359132,7.008637314271297,10.617007852442633,4.84807293649008
571.0,6.979859290480189,7.287479588377881,10.596024581291335,14.05527109482659,6.979859290480189,0.3076202978976923,3.308544992913454,3.4592465135352555
572.0,6.597079446956457,18.183916967732845,19.016792253900213,19.657362087521257,6.597079446956457,11.586837520776388,0.8328752861673685,0.6405698336210435
573.0,9.786030535726795,14.021562635570618,21.42963293702516,34.79517486051867,9.786030535726795,4.235532099843823,7.4080703014545435,13.36554192349351
574.0,3.980185773442752,4.5568216284133385,4.909346891852763,16.633769336755613,3.980185773442752,0.5766358549705863,0.3525252634394249,11.72442244490285
575.0,10.354729570405926,15.870927940969288,23.094167104450893,26.476735909833074,10.354729570405926,5.516198370563362,7.223239163481605,3.3825688053821814
576.0,12.959292377204967,15.129639915748307,26.60216367636187,27.204785284347466,12.959292377204967,2.1703475385433393,11.472523760613562,0.602621607985597
577.0,7.444251412568626,10.826430331492691,30.6487298155016,31.326820807241422,7.444251412568626,3.3821789189240654,19.82229948400891,0.6780909917398219
578.0,8.03849737712217,11.432108369099872,22.65985371854246,29.6634570063854,8.03849737712217,3.3936109919777024,11.22774534944259,7.003603287842939
579.0,6.327538620897535,9.752651960798161,14.26443141619189,20.61607552091394,6.327538620897535,3.4251133399006264,4.511779455393729,6.351644104722052
580.0,6.133651250101405,12.926172763417075,27.74813656892628,34.40324728204644,6.133651250101405,6.79252151331567,14.821963805509206,6.655110713120163
581.0,3.7604703276959484,11.703621097649037,26.122357931959236,27.946900648746805,3.7604703276959484,7.943150769953089,14.418736834310199,1.824542716787569
582.0,0.26011682623236254,17.11286508913005,20.375413797545196,34.107122898646224,0.26011682623236254,16.852748262897688,3.262548708415146,13.731709101101028
583.0,3.409004039102637,22.019254701407764,22.773670505368905,33.312728080629,3.409004039102637,18.610250662305127,0.754415803961141,10.539057575260095
584.0,2.2103707272199244,20.377863923123087,26.600773966478442,34.515833534761164,2.2103707272199244,18.167493195903162,6.2229100433553555,7.915059568282722
585.0,9.19244966620974,9.502594724513187,24.265208619037477,30.562400805252643,9.19244966620974,0.31014505830344774,14.76261389452429,6.297192186215167
586.0,5.760017434080929,13.756638895698284,16.518018755408256,21.906044645624775,5.760017434080929,7.996621461617355,2.7613798597099724,5.388025890216518
587.0,6.065921136373429,22.15964934519088,24.405178003973877,33.81074624757383,6.065921136373429,16.09372820881745,2.245528658782998,9.405568243599955
588.0,3.87884505816357,5.725616619789708,9.19406854939631,18.691596100002496,3.87884505816357,1.846771561626138,3.4684519296066014,9.497527550606186
589.0,0.5907358128038283,7.817380021467777,9.127695729499845,26.506814484090484,0.5907358128038283,7.226644208663949,1.3103157080320678,17.37911875459064
590.0,2.9904185687811875,9.932386867726581,9.984590385972474,12.804672432913595,2.9904185687811875,6.941968298945394,0.052203518245892866,2.8200820469411205
591.0,4.064697624283955,5.519580546045049,11.448883413530297,12.059009039714116,4.064697624283955,1.4548829217610937,5.929302867485248,0.6101256261838195
592.0,2.1798264453225897,13.962592134194452,21.222227652942784,22.35226642609939,2.1798264453225897,11.782765688871862,7.259635518748333,1.1300387731566062
593.0,8.894664504577733,10.258416871806865,10.942993787060932,11.173623811410941,8.894664504577733,1.3637523672291323,0.6845769152540662,0.23063002435000968
594.0,2.741675585918138,10.803510652965748,13.495034674244899,19.25886454122366,2.741675585918138,8.06183506704761,2.6915240212791502,5.76382986697876
595.0,9.685078448848902,10.85038514013161,13.010106841158407,14.785370513099451,9.685078448848902,1.1653066912827086,2.159721701026797,1.775263671941044
596.0,4.130824242752286,5.268611992222677,24.401576026314974,26.402038253073187,4.130824242752286,1.137787749470391,19.132964034092296,2.000462226758213
597.0,0.8510023851449873,1.4386951169875246,16.878262901684277,17.220179095992307,0.8510023851449873,0.5876927318425373,15.439567784696752,0.34191619430803044
598.0,4.084279838045823,18.860077239052817,19.332981512963386,21.47515896501001,4.084279838045823,14.775797401006994,0.47290427391056866,2.1421774520466244
599.0,5.914852263669349,7.644037217414258,15.970885993099827,23.644193010583066,5.914852263669349,1.7291849537449089,8.32684877568557,7.673307017483239
600.0,8.47645890743733,22.172337584279678,22.446182380883194,26.36858399932416,8.47645890743733,13.695878676842348,0.273844796603516,3.922401618440965
601.0,5.551784600547929,16.091579719051726,19.87199237791888,25.856906036019055,5.551784600547929,10.539795118503797,3.780412658867153,5.984913658100176
602.0,11.140179112397018,30.604056833978223,31.014127030128222,32.92191635942153,11.140179112397018,19.463877721581206,0.4100701961499986,1.9077893292933084
603.0,5.273867771050011,11.781170589562503,22.424326363076602,27.92437241304532,5.273867771050011,6.507302818512493,10.6431557735141,5.5000460499687165
604.0,12.396395918865117,24.230396669150466,27.050965936541658,31.39031426625204,12.396395918865117,11.834000750285348,2.8205692673911926,4.339348329710383
605.0,6.592880872156414,9.161291966020428,11.256271019779877,25.590929561945615,6.592880872156414,2.5684110938640146,2.094979053759449,14.334658542165737
606.0,12.257185714392143,14.263137981728,19.229518387149852,28.388169965588556,12.257185714392143,2.005952267335857,4.966380405421852,9.158651578438704
607.0,11.681359901831396,25.57650241829463,26.426294421848368,27.256443946604264,11.681359901831396,13.895142516463235,0.8497920035537376,0.8301495247558961
608.0,2.579771423536826,3.0843933769266876,5.365651952089539,12.571567468772507,2.579771423536826,0.5046219533898615,2.281258575162852,7.205915516682968
609.0,6.3371844441345,17.50378514606991,19.62720716467281,33.087784718194094,6.3371844441345,11.166600701935408,2.123422018602902,13.460577553521283
610.0,10.02268529816564,23.015957484178365,23.491528568527357,32.09351205206514,10.02268529816564,12.993272186012724,0.4755710843489922,8.60198348353778
611.0,10.728377849263016,23.539307038554675,24.313646510077685,33.85873085459725,10.728377849263016,12.81092918929166,0.7743394715230103,9.545084344519562
612.0,5.610240661817052,14.565675259279072,18.22194777957098,19.72326167976592,5.610240661817052,8.95543459746202,3.656272520291907,1.5013139001949405
613.0,1.158971516269986,1.7957828979218604,22.881344812918552,25.966285029861066,1.158971516269986,0.6368113816518743,21.085561914996692,3.0849402169425133
614.0,4.753373798171573,10.743867760876135,13.284295214261867,30.531283410492932,4.753373798171573,5.990493962704562,2.540427453385732,17.246988196231065
615.0,2.9874438332476885,3.389903618931836,3.9570716391747034,6.283257577251877,2.9874438332476885,0.4024597856841474,0.5671680202428675,2.326185938077174
616.0,4.696446207022337,16.078732712693377,19.035704302727368,31.1887820547739,4.696446207022337,11.38228650567104,2.956971590033991,12.153077752046531
617.0,4.409441902598516,15.081111864058041,15.103462498278837,20.617445887549078,4.409441902598516,10.671669961459525,0.022350634220796195,5.513983389270241
618.0,0.8430901700900222,3.267285468704621,6.4292005030913195,15.327323162767552,0.8430901700900222,2.424195298614599,3.1619150343866984,8.898122659676233
619.0,5.689752253385279,10.297114527771765,27.00280246094742,32.66311015091816,5.689752253385279,4.607362274386485,16.705687933175657,5.660307689970736
620.0,3.8346520364999854,12.214926809447427,20.097340786614218,28.620854683410883,3.8346520364999854,8.380274772947441,7.882413977166792,8.523513896796665
621.0,1.07895953723434,13.490193617465582,19.24246175173004,26.71453521383595,1.07895953723434,12.411234080231242,5.752268134264458,7.472073462105911
622.0,6.873953407420029,13.595340964989013,23.952989240473332,29.41008031015181,6.873953407420029,6.721387557568985,10.357648275484319,5.4570910696784765
623.0,12.829850646160782,24.39316903757915,25.903829976972276,27.084673782468993,12.829850646160782,11.563318391418367,1.5106609393931265,1.1808438054967176
624.0,6.8693210232662025,14.413806493316521,14.749754119570792,24.04377537639287,6.8693210232662025,7.5444854700503186,0.33594762625427066,9.294021256822077
625.0,2.8481877998424565,5.292730602467547,6.63792949888958,7.35114140982877,2.8481877998424565,2.44454280262509,1.3451988964220334,0.7132119109391901
626.0,3.9867047451165476,13.35138258356875,18.5504836025396,21.345323569097665,3.9867047451165476,9.364677838452202,5.19910101897085,2.794839966558065
627.0,22.004758414936298,25.877624185192637,33.04596334918396,34.30613882528538,22.004758414936298,3.8728657702563396,7.16833916399132,1.2601754761014234
628.0,10.477738666495725,22.57116858712931,30.928730121252258,32.80160103799497,10.477738666495725,12.093429920633586,8.357561534122947,1.8728709167427127
629.0,2.0426226572939896,14.625074447977081,23.75847950279243,27.74515499381714,2.0426226572939896,12.582451790683091,9.133405054815348,3.986675491024709
630.0,2.892529847741322,6.64888956657078,20.047618109824782,30.65592265407037,2.892529847741322,3.756359718829458,13.398728543254002,10.608304544245588
631.0,2.131828230260197,3.37704789103185,8.469258085943007,14.974513767387357,2.131828230260197,1.245219660771653,5.092210194911157,6.50525568144435
632.0,12.465909895095482,14.103938804723672,22.637734694025546,32.752873300774894,12.465909895095482,1.63802890962819,8.533795889301874,10.115138606749348
633.0,3.983251895649353,4.132737584276043,7.876652904014225,23.866069315049305,3.983251895649353,0.1494856886266902,3.743915319738182,15.98941641103508
634.0,11.423045498131678,13.681467336239006,17.960541365766964,34.16392194218704,11.423045498131678,2.2584218381073278,4.279074029527958,16.203380576420074
635.0,6.780500796949539,17.396288093364294,19.74650733131743,22.957469517766995,6.780500796949539,10.615787296414755,2.3502192379531373,3.2109621864495637
636.0,0.9229633579611942,13.893624126183553,24.49828190362082,27.178119666907477,0.9229633579611942,12.97066076822236,10.604657777437268,2.679837763286656
637.0,3.394031653873725,16.66150873041636,24.094451572631062,32.16614777167921,3.394031653873725,13.267477076542637,7.4329428422147,8.071696199048151
638.0,7.030250085178562,9.407502047054425,13.618939214051071,28.575242541059172,7.030250085178562,2.3772519618758636,4.211437166996646,14.9563033270081
639.0,10.774311690470512,25.06431684017825,29.87537276040962,34.90659266377316,10.774311690470512,14.290005149707738,4.811055920231368,5.031219903363542
640.0,2.178658300779773,8.871652551983452,8.97885486652169,19.867356611897552,2.178658300779773,6.692994251203679,0.10720231453823814,10.888501745375862
641.0,4.8350315863649485,12.221035348005156,13.464483897156224,15.632914338985064,4.8350315863649485,7.386003761640207,1.2434485491510685,2.168430441828839
642.0,9.359211621594362,18.50873770816875,24.74368669318185,33.174301854235175,9.359211621594362,9.149526086574387,6.2349489850131015,8.430615161053325
643.0,5.648685891122941,23.60518481592699,23.824045036720385,23.978584555226824,5.648685891122941,17.95649892480405,0.2188602207933954,0.15453951850643932
644.0,16.94746002858721,25.191607263606592,25.64736105048154,27.680591833283827,16.94746002858721,8.244147235019383,0.45575378687494705,2.0332307828022884
645.0,18.72905533554137,19.712719879905897,32.692213778312066,33.173357854835125,18.72905533554137,0.983664544364526,12.979493898406169,0.4811440765230586
646.0,14.865559524311141,17.324346847656425,21.06758664437932,22.76090299040449,14.865559524311141,2.458787323345284,3.743239796722893,1.6933163460251706
647.0,13.69438966643229,21.225291267177923,33.43989178978348,34.46630998253124,13.69438966643229,7.530901600745633,12.214600522605558,1.0264181927477622
648.0,0.6894202628467596,1.9611894909531813,19.29603727425591,19.503361436928458,0.6894202628467596,1.2717692281064217,17.334847783302727,0.20732416267254905
649.0,4.432231002264114,6.467733528268937,9.76877667356543,12.87984884902491,4.432231002264114,2.035502526004823,3.301043145296493,3.11107217545948
650.0,0.1489344047088963,5.70801371724642,11.852680531632775,16.982796113659965,0.1489344047088963,5.5590793125375235,6.144666814386355,5.130115582027191
651.0,2.4646366693345954,19.101875801017453,21.747592525018703,33.03612084842802,2.4646366693345954,16.637239131682858,2.6457167240012502,11.288528323409317
652.0,0.6794317482241468,2.036584533219987,7.598307701361154,26.85928928976423,0.6794317482241468,1.35715278499584,5.561723168141167,19.260981588403077
653.0,12.473081470157286,29.809812258542937,30.46279907472723,32.19931454868356,12.473081470157286,17.33673078838565,0.652986816184292,1.7365154739563309
654.0,6.899149940734738,8.688340285693052,12.844449850308486,13.789813013204864,6.899149940734738,1.789190344958314,4.156109564615434,0.9453631628963777
655.0,19.21301315211091,22.316049019610894,24.44530621223709,30.845989384280564,19.21301315211091,3.103035867499983,2.129257192626195,6.400683172043475
656.0,3.4561803046133157,6.101735748661643,10.864424782281102,15.015480208425323,3.4561803046133157,2.645555444048327,4.762689033619459,4.151055426144222
657.0,2.296871867911946,25.048923682089555,25.65884563710557,32.68435408279702,2.296871867911946,22.75205181417761,0.6099219550160164,7.02550844569145
658.0,0.9887202414667939,8.31976455600278,19.99517999713967,23.062425549733284,0.9887202414667939,7.331044314535987,11.675415441136888,3.067245552593615
659.0,14.837184581304243,22.657508407128027,27.784509295951317,32.40057739564006,14.837184581304243,7.820323825823785,5.127000888823289,4.616068099688746
660.0,3.0991378637075897,18.303546946891927,20.217896271376826,30.5216399746423,3.0991378637075897,15.204409083184338,1.914349324484899,10.303743703265475
661.0,7.547060177782594,11.250074287957666,22.978366167040097,29.93891065714962,7.547060177782594,3.703014110175072,11.72829187908243,6.960544490109523
662.0,5.566539023219072,20.940125721616013,28.60776912339316,31.88138443678877,5.566539023219072,15.373586698396942,7.667643401777148,3.2736153133956094
663.0,3.728096814043237,15.5076731347806,28.763151445186764,30.026481432864585,3.728096814043237,11.779576320737362,13.255478310406165,1.263329987677821
664.0,10.977055367259034,13.040578025390513,13.32143813794103,20.96724474968454,10.977055367259034,2.063522658131479,0.280860112550517,7.6458066117435095
665.0,1.4446978516302735,17.064433735293203,20.664047445894838,26.04865248911367,1.4446978516302735,15.61973588366293,3.599613710601634,5.3846050432188335
666.0,2.0702945715670324,3.5950146659588746,5.679660329944156,24.401157145235675,2.0702945715670324,1.5247200943918422,2.084645663985281,18.72149681529152
667.0,3.0609402644236674,5.806734136872521,6.345247212707196,32.98003140727763,3.0609402644236674,2.7457938724488535,0.5385130758346754,26.634784194570432
668.0,0.9841546023238266,5.669815982988965,11.052553963985872,25.944896323316954,0.9841546023238266,4.685661380665138,5.382737980996907,14.892342359331082
669.0,4.288757793517011,9.602553661279867,21.898123045994236,22.930556719836137,4.288757793517011,5.313795867762856,12.29556938471437,1.0324336738419007
670.0,8.465144539304784,9.837697165773434,10.160143822760315,10.163753174537295,8.465144539304784,1.37255262646865,0.32244665698688024,0.0036093517769799632
671.0,21.171140578275498,23.0103120426154,24.535636724834678,33.644834711069095,21.171140578275498,1.839171464339902,1.5253246822192779,9.109197986234417
672.0,0.8595481655574133,13.358588681449913,18.03214409813223,21.745659000327663,0.8595481655574133,12.4990405158925,4.673555416682316,3.713514902195435
673.0,1.7947781058729504,3.7483391505924253,5.231965859085349,11.268488979167163,1.7947781058729504,1.953561044719475,1.483626708492924,6.036523120081814
674.0,16.09229674827423,17.17147481863376,17.39997562515776,26.669094525984278,16.09229674827423,1.0791780703595322,0.22850080652399996,9.269118900826516
675.0,6.753194710867021,11.196509332427183,31.364876413071805,34.18663952595967,6.753194710867021,4.443314621560162,20.16836708064462,2.821763112887865
676.0,6.9087677307945405,13.916273140897555,20.53172050894069,23.96062802454918,6.9087677307945405,7.007505410103015,6.615447368043135,3.42890751560849
677.0,12.306710379782029,21.847092023107876,24.293525282732944,28.394468456047996,12.306710379782029,9.540381643325848,2.446433259625067,4.100943173315052
678.0,2.774216410959255,3.522127334760139,9.263166865243107,23.046059456818195,2.774216410959255,0.7479109238008839,5.7410395304829684,13.782892591575088
679.0,8.182838731747047,10.530499779361545,13.355539210106237,20.907359673979272,8.182838731747047,2.3476610476144977,2.8250394307446918,7.551820463873035
680.0,0.5940935490315766,0.8325208081247268,4.389759271388659,27.314796896994878,0.5940935490315766,0.2384272590931502,3.557238463263932,22.92503762560622
681.0,9.574225028769519,11.430573128263717,13.053449721279225,23.895897764411515,9.574225028769519,1.8563480994941983,1.6228765930155085,10.84244804313229
682.0,1.322462895070018,5.878385574297958,10.958582567565042,12.606271880755873,1.322462895070018,4.55592267922794,5.080196993267084,1.6476893131908312
683.0,6.7958752082645795,10.493818644288343,11.159293067457405,17.206838468050265,6.7958752082645795,3.6979434360237633,0.6654744231690621,6.04754540059286
684.0,2.785269686394358,7.55774656328531,15.185171593526217,28.00310956315061,2.785269686394358,4.772476876890952,7.627425030240907,12.817937969624392
685.0,0.35158688174693964,12.265715068388626,14.916332499394006,29.35581211608718,0.35158688174693964,11.914128186641687,2.6506174310053794,14.439479616693173
686.0,4.1406919060430845,8.368018169756773,28.633557559823494,30.43807357058523,4.1406919060430845,4.227326263713689,20.26553939006672,1.8045160107617377
687.0,7.482179049902207,9.86104128786366,11.261548522055122,19.83326759969626,7.482179049902207,2.378862237961453,1.400507234191462,8.571719077641138
688.0,5.109390036299505,8.271402264843658,16.44052188455703,34.11687422402115,5.109390036299505,3.162012228544153,8.16911961971337,17.676352339464124
689.0,5.185132473597761,16.008727618094042,26.968565694848422,34.822928179496564,5.185132473597761,10.82359514449628,10.95983807675438,7.854362484648142
690.0,0.5668044789471764,17.00548769426249,23.60254162850387,28.532763823089294,0.5668044789471764,16.438683215315315,6.59705393424138,4.930222194585422
691.0,21.284618664701924,23.823026076452134,25.144096500416985,28.448353242093916,21.284618664701924,2.5384074117502102,1.3210704239648514,3.30425674167693
692.0,17.816152147588703,19.15793697052854,25.00364602441389,33.59754557926908,17.816152147588703,1.341784822939836,5.845709053885351,8.593899554855192
693.0,3.8782472173844376,16.390466050448904,17.469929894153058,29.702642895011167,3.8782472173844376,12.512218833064466,1.0794638437041542,12.232713000858109
694.0,14.437379149217634,14.88984784582179,21.739758850624895,24.643905993579445,14.437379149217634,0.4524686966041571,6.849911004803104,2.9041471429545496
695.0,6.010523462999558,12.128877446773483,20.50111360611566,20.603976936687367,6.010523462999558,6.118353983773925,8.372236159342176,0.10286333057170793
696.0,4.002096794286906,21.37808953891298,26.823348424262605,33.069208492469926,4.002096794286906,17.375992744626075,5.445258885349624,6.245860068207321
697.0,3.2709457018437007,9.399879017600995,16.256025185303336,16.84927004668247,3.2709457018437007,6.128933315757294,6.856146167702342,0.5932448613791337
698.0,2.2387870909797982,4.01072724648256,13.481563631572694,22.61669427307512,2.2387870909797982,1.7719401555027616,9.470836385090134,9.135130641502425
699.0,16.852587208093723,16.990287932223787,20.31046465364328,22.41352659714576,16.852587208093723,0.13770072413006318,3.320176721419493,2.1030619435024818
700.0,14.66503347223276,15.236644626445056,18.60794535651085,20.97706834446275,14.66503347223276,0.5716111542122952,3.3713007300657942,2.3691229879519007
701.0,15.827182572704452,25.892627615463955,28.140298477252898,32.18303811930125,15.827182572704452,10.065445042759503,2.2476708617889436,4.042739642048353
702.0,1.5984413078596376,5.2035889020022985,12.732323598768048,24.651237288492176,1.5984413078596376,3.605147594142661,7.528734696765749,11.918913689724128
703.0,11.95859630262218,12.809980396738808,21.673907108587805,23.802722356090445,11.95859630262218,0.8513840941166286,8.863926711848997,2.12881524750264
704.0,1.9216006348375174,8.621991685073745,16.1169298789108,22.850035141812448,1.9216006348375174,6.700391050236227,7.494938193837054,6.733105262901649
705.0,9.930446785378045,11.521688760582748,13.227176629578754,30.22067421510983,9.930446785378045,1.591241975204703,1.7054878689960056,16.993497585531077
706.0,2.0325354380651675,7.029546172330299,10.391472819007163,18.152550615606142,2.0325354380651675,4.997010734265132,3.3619266466768636,7.761077796598979
707.0,2.9227523060507963,6.000178422532141,6.653455151689961,8.94140014424162,2.9227523060507963,3.0774261164813446,0.6532767291578203,2.287944992551658
708.0,4.608757358861755,7.416049455737486,19.11826016296278,26.785641313689418,4.608757358861755,2.807292096875731,11.702210707225294,7.667381150726637
709.0,2.419743304252087,15.60044942038687,18.02623982571718,25.841434654259764,2.419743304252087,13.180706116134782,2.4257904053303108,7.815194828542584
710.0,13.490158618679533,18.74148266059311,26.810520961873163,29.134070032915993,13.490158618679533,5.251324041913577,8.069038301280052,2.32354907104283
711.0,23.983842830282512,29.61191095859837,31.765991189132976,32.73818246919443,23.983842830282512,5.6280681283158565,2.154080230534607,0.9721912800614518
712.0,8.4253164022311,12.682679008381772,13.21545975450033,13.754237929950818,8.4253164022311,4.2573626061506715,0.5327807461185579,0.5387781754504886
713.0,4.465298243905757,24.85656928584081,30.395188816404,33.189345367788256,4.465298243905757,20.391271041935052,5.538619530563192,2.794156551384255
714.0,10.016190417493075,13.687044592536758,23.147736094135865,30.590277087358587,10.016190417493075,3.670854175043683,9.460691501599108,7.442540993222721
715.0,2.2549369834694915,28.024008640141165,28.365904627178296,33.624783744177414,2.2549369834694915,25.769071656671674,0.3418959870371303,5.258879116999118
716.0,1.57513672452707,6.9170029867404,19.063727606921667,21.752585596808924,1.57513672452707,5.34186626221333,12.146724620181267,2.688857989887257
717.0,5.42827607404967,6.233809597184045,9.313603880980068,10.628193139386621,5.42827607404967,0.8055335231343754,3.079794283796023,1.3145892584065528
718.0,11.795119320711024,15.115306996633144,16.35445353995757,28.97795178949023,11.795119320711024,3.3201876759221207,1.239146543324427,12.623498249532659
719.0,5.492529338105275,6.229528546800193,9.794851377498677,16.348248740055713,5.492529338105275,0.7369992086949182,3.5653228306984843,6.553397362557035
720.0,14.30266947681612,15.82796444468708,24.073902292734772,31.361196344318884,14.30266947681612,1.525294967870959,8.245937848047692,7.287294051584112
721.0,7.589468598978204,13.297346358025663,15.86786098281705,23.607589218753485,7.589468598978204,5.707877759047459,2.570514624791386,7.739728235936436
722.0,0.9650459569103234,3.610430059830808,8.929978588770545,23.80107329011158,0.9650459569103234,2.6453841029204845,5.3195485289397375,14.871094701341036
723.0,8.6148696604469,13.920821853469853,23.639556242645433,25.192639204896423,8.6148696604469,5.305952193022954,9.71873438917558,1.5530829622509899
724.0,1.2929491860728888,1.8181507524423068,4.345979329486504,8.250361149388905,1.2929491860728888,0.5252015663694181,2.527828577044197,3.904381819902401
725.0,6.483822525921159,10.275496415661198,13.443967647551016,13.70158471480967,6.483822525921159,3.7916738897400393,3.168471231889818,0.2576170672586535
726.0,5.740146259854544,24.22256894118854,30.22949059210284,31.013185035283996,5.740146259854544,18.482422681333997,6.0069216509143,0.7836944431811546
727.0,11.15615178382167,11.943785440667646,12.392708413939861,19.119360755113547,11.15615178382167,0.7876336568459763,0.4489229732722144,6.726652341173686
728.0,8.1759079737114,16.639163842683352,21.850152071698552,23.353059342482343,8.1759079737114,8.463255868971952,5.2109882290152,1.5029072707837905
729.0,11.555158631725991,18.1721002446607,27.63932894913225,31.090762255834353,11.555158631725991,6.61694161293471,9.467228704471548,3.4514333067021035
730.0,3.926676892934463,18.389829474774775,28.136160854414292,34.97038794547447,3.926676892934463,14.463152581840312,9.746331379639518,6.834227091060178
731.0,10.43422622362485,13.13631338233964,24.7470818371604,32.297279300017166,10.43422622362485,2.7020871587147894,11.61076845482076,7.550197462856765
732.0,1.5374550953541686,1.8368393645561838,14.922119719556992,19.634020352846317,1.5374550953541686,0.2993842692020152,13.085280355000808,4.711900633289325
733.0,7.470914546917356,10.661618025648991,19.18688701474068,20.552325642100435,7.470914546917356,3.190703478731635,8.525268989091689,1.3654386273597545
734.0,6.200637577840649,6.623026872043791,25.047122316613496,30.75209915289414,6.200637577840649,0.42238929420314264,18.424095444569705,5.704976836280643
735.0,7.588112852480563,24.698568619299774,30.239623252877223,33.72987981814163,7.588112852480563,17.11045576681921,5.541054633577449,3.49025656526441
736.0,7.980470076225437,10.657532731576936,25.454068891403775,29.21709046365545,7.980470076225437,2.6770626553514987,14.79653615982684,3.7630215722516738
737.0,5.262873240956683,8.651570439006338,14.220530201478287,33.48138097495011,5.262873240956683,3.3886971980496554,5.568959762471948,19.260850773471827
738.0,7.637104196457262,22.190691298539818,31.975715388201525,32.71870050386073,7.637104196457262,14.553587102082556,9.785024089661707,0.7429851156592058
739.0,3.294877938715697,10.66291565625233,12.038954971321814,26.29173434039187,3.294877938715697,7.368037717536634,1.3760393150694838,14.252779369070055
740.0,0.8654860094161165,6.105331421319939,6.249539295919245,7.90080108327458,0.8654860094161165,5.239845411903822,0.1442078745993065,1.6512617873553346
741.0,13.805894008031963,15.142772916859087,18.43120128431203,19.454119818963036,13.805894008031963,1.3368789088271242,3.288428367452944,1.022918534651005
742.0,2.5104935080143065,3.9457881447779037,9.38728799103076,19.871530095118295,2.5104935080143065,1.4352946367635973,5.4414998462528565,10.484242104087535
743.0,23.525555039536336,25.56075089611047,26.503093879988118,34.99914127729295,23.525555039536336,2.035195856574134,0.9423429838776478,8.496047397304832
744.0,6.333604490381411,25.59299584269337,26.482188021460775,34.66515319706575,6.333604490381411,19.259391352311958,0.8891921787674057,8.182965175604973
745.0,3.7806491811600473,10.520074947275493,18.434274115205636,28.102727682172024,3.7806491811600473,6.7394257661154455,7.914199167930143,9.668453566966388
746.0,10.597993217911014,13.754010537741099,30.160350150931645,31.687459272776366,10.597993217911014,3.1560173198300845,16.406339613190546,1.5271091218447204
747.0,1.893374865087587,4.854360536264252,17.012252698005188,17.047320768975165,1.893374865087587,2.9609856711766653,12.157892161740936,0.03506807096997733
748.0,1.3494720424354014,5.9337455899027205,10.25883849981513,11.49392323915134,1.3494720424354014,4.584273547467319,4.32509290991241,1.2350847393362088
749.0,7.1717815122507425,7.285920055622707,21.39789997642108,21.563199031664663,7.1717815122507425,0.11413854337196483,14.111979920798372,0.16529905524358313
750.0,13.155438438737153,14.666522531951642,31.177879202550805,32.51116051192179,13.155438438737153,1.5110840932144889,16.511356670599163,1.3332813093709817
751.0,4.6746370334054355,7.089365552503491,8.657508356331817,16.14135750556592,4.6746370334054355,2.4147285190980554,1.5681428038283265,7.4838491492341035
752.0,21.383443828853352,22.188872274440183,28.51071281429447,33.67300585214532,21.383443828853352,0.8054284455868306,6.321840539854289,5.162293037850851
753.0,6.373630688007289,10.525753232757275,11.007399417698558,11.586332469748182,6.373630688007289,4.152122544749986,0.4816461849412832,0.5789330520496243
754.0,8.812264464491719,13.760487311521302,18.730804695215593,30.539036197675273,8.812264464491719,4.948222847029584,4.97031738369429,11.80823150245968
755.0,1.0734769305007674,1.6848577632881359,1.9834445285650872,19.537028652490513,1.0734769305007674,0.6113808327873684,0.2985867652769514,17.553584123925425
756.0,11.064262506624445,12.811730870405235,13.963681291614321,24.333631147816817,11.064262506624445,1.74746836378079,1.1519504212090865,10.369949856202496
757.0,3.9553103546000834,12.38201183002776,15.797502287506266,17.64350476514423,3.9553103546000834,8.426701475427677,3.415490457478505,1.8460024776379633
758.0,4.007244229886723,14.441227076982106,16.762338523726907,27.226823880521604,4.007244229886723,10.433982847095383,2.3211114467448013,10.464485356794697
759.0,3.267287675193991,3.397804049308043,4.877960839306926,6.997182895300654,3.267287675193991,0.13051637411405181,1.4801567899988832,2.1192220559937276
760.0,1.773112261534152,1.9803255068801704,3.2803280623536466,9.534597854672171,1.773112261534152,0.20721324534601848,1.3000025554734762,6.254269792318524
761.0,11.870314642864734,13.790470302074613,30.94582041895108,32.09523367818554,11.870314642864734,1.920155659209879,17.155350116876466,1.149413259234457
762.0,2.6244263580398766,3.872119766152476,12.857146415262207,20.23165287852279,2.6244263580398766,1.2476934081125997,8.98502664910973,7.374506463260584
763.0,9.255920056589215,9.270533729819643,10.141723669114594,11.088506944817919,9.255920056589215,0.014613673230428503,0.8711899392949505,0.946783275703325
764.0,3.2967012817805212,10.248216799186768,17.267805500730848,19.311913219990842,3.2967012817805212,6.951515517406246,7.01958870154408,2.044107719259994
765.0,3.7999496395438186,16.748582921064173,18.062830314959886,19.023104150054294,3.7999496395438186,12.948633281520355,1.3142473938957124,0.9602738350944087
766.0,2.8451985267901847,4.822691328568478,9.486461976317173,16.50706858343278,2.8451985267901847,1.9774928017782933,4.663770647748695,7.020606607115607
767.0,2.8320832722817784,5.116761740780952,7.4828015569748025,26.16715935516458,2.8320832722817784,2.284678468499173,2.366039816193851,18.684357798189776
768.0,1.3269820850880976,2.712901958741142,18.380572209877233,27.74286669961208,1.3269820850880976,1.3859198736530445,15.66767025113609,9.362294489734847
769.0,7.6063298384627345,11.468223447658623,27.033253451270642,33.987537584312605,7.6063298384627345,3.8618936091958886,15.56503000361202,6.954284133041963
770.0,4.9124237210903345,20.00272247979689,29.023721718011288,33.835146196451916,4.9124237210903345,15.090298758706556,9.020999238214397,4.811424478440628
771.0,1.946282269893409,2.7426055981925046,7.308538920253092,11.297623960130778,1.946282269893409,0.7963233282990956,4.565933322060587,3.9890850398776863
772.0,16.685806881039763,21.309360049489317,25.2719973921471,32.87719903809593,16.685806881039763,4.623553168449554,3.962637342657782,7.605201645948831
773.0,0.7191821835255539,3.8951086444709766,4.831202700946054,9.138513155495716,0.7191821835255539,3.1759264609454227,0.9360940564750777,4.307310454549661
774.0,14.240568615663339,20.29469838746665,22.306036392691965,31.228104047987735,14.240568615663339,6.054129771803311,2.0113380052253156,8.92206765529577
775.0,6.963928726573002,11.469605875602923,13.47892213976409,29.709801771643757,6.963928726573002,4.505677149029921,2.0093162641611677,16.230879631879667
776.0,15.010890792673706,19.91801789570621,20.366833793761458,29.292031599827048,15.010890792673706,4.907127103032504,0.4488158980552477,8.92519780606559
777.0,17.027152185141663,17.29189764984353,19.687376272132745,29.771592179254114,17.027152185141663,0.26474546470186766,2.3954786222892146,10.084215907121369
778.0,0.27471867803113525,9.130115630676965,18.16855695018679,18.450354178149173,0.27471867803113525,8.85539695264583,9.038441319509825,0.2817972279623824
779.0,14.004821846988392,20.11151448116826,25.219530236850837,28.76013420420791,14.004821846988392,6.106692634179868,5.108015755682576,3.5406039673570717
780.0,11.872657412295176,12.181643319523978,19.060082610523224,21.28811522003967,11.872657412295176,0.30898590722880215,6.878439290999246,2.228032609516447
781.0,2.3405954139779013,3.336992635628061,30.032546442064348,34.90341463859371,2.3405954139779013,0.9963972216501595,26.695553806436287,4.870868196529361
782.0,2.8594927433006205,18.506079474581764,20.977627514477724,25.376973943932782,2.8594927433006205,15.646586731281143,2.4715480398959606,4.399346429455058
783.0,1.1418407897088372,3.1021118304908413,7.4053604292704165,16.111162343102638,1.1418407897088372,1.960271040782004,4.303248598779575,8.705801913832222
784.0,15.756549473459092,16.096469564782687,24.153499774915154,27.196167071111958,15.756549473459092,0.33992009132359513,8.057030210132467,3.0426672961968038
785.0,7.6026907474196435,10.832553105155313,24.489366462080632,26.302633787568556,7.6026907474196435,3.2298623577356693,13.65681335692532,1.8132673254879244
786.0,9.27304160539343,23.31178466921146,26.798190509359184,29.822496901684435,9.27304160539343,14.038743063818028,3.486405840147725,3.0243063923252507
787.0,3.4839945463081,5.101508838810098,14.281257005013824,32.134113370672324,3.4839945463081,1.6175142925019976,9.179748166203726,17.8528563656585
788.0,10.419801483846925,17.46259686582423,22.9439894694234,29.354899092233964,10.419801483846925,7.042795381977307,5.4813926035991685,6.410909622810564
789.0,12.043486656205754,25.64313311941779,27.425503776857617,31.405209871415508,12.043486656205754,13.599646463212036,1.7823706574398273,3.9797060945578906
790.0,3.8789655562424272,8.2380659917925,14.247953708328748,14.564091944106345,3.8789655562424272,4.359100435550072,6.009887716536248,0.31613823577759703
791.0,1.7201875954201853,6.537806197168784,11.381235849186602,19.276443892729056,1.7201875954201853,4.817618601748599,4.843429652017818,7.895208043542453
792.0,2.825600611882379,7.39507923226547,27.13042185815154,32.86669307362925,2.825600611882379,4.569478620383091,19.73534262588607,5.736271215477711
793.0,1.4554797058044642,9.95919778975274,17.940256121752743,18.526766833800156,1.4554797058044642,8.503718083948275,7.9810583320000035,0.5865107120474136
794.0,7.236643258223651,8.525149506118687,24.22182742178162,29.576251316125038,7.236643258223651,1.288506247895036,15.696677915662931,5.3544238943434195
795.0,0.8674347275529399,22.589813548509422,29.127763377778177,32.57925326564208,0.8674347275529399,21.722378820956482,6.537949829268754,3.4514898878639038
796.0,20.48510251309633,24.16627724453327,25.12062449332967,30.8402559230366,20.48510251309633,3.68117473143694,0.9543472487964024,5.719631429706929
797.0,0.860112627210448,2.733934028581743,15.804681741220119,20.127791613164764,0.860112627210448,1.8738214013712948,13.070747712638376,4.323109871944645
798.0,0.647987299827939,1.7966662450914086,10.581696824700717,19.83236865109245,0.647987299827939,1.1486789452634696,8.785030579609309,9.250671826391734
799.0,6.245598355380583,9.888135346803711,10.537057328553978,27.745921924218397,6.245598355380583,3.6425369914231283,0.6489219817502665,17.20886459566442
800.0,14.03144896944275,14.223900341497888,30.712502281755594,33.71992507898755,14.03144896944275,0.19245137205513885,16.488601940257706,3.007422797231957
801.0,6.4332544190818375,7.2807839325984745,11.763608180567587,15.350100742309863,6.4332544190818375,0.847529513516637,4.482824247969113,3.5864925617422756
802.0,1.9905659358478403,12.075515479086754,13.907503735738928,24.440990350046118,1.9905659358478403,10.084949543238913,1.8319882566521741,10.53348661430719
803.0,2.333437624018565,3.9043844106995316,9.765961097175065,13.47627153692438,2.333437624018565,1.5709467866809668,5.861576686475534,3.710310439749314
804.0,8.01868061376441,19.659901002523917,28.251623693743714,33.584740122850874,8.01868061376441,11.641220388759507,8.591722691219797,5.333116429107161
805.0,1.2616140984854738,2.3296673104749246,3.8371807477811863,33.56353840087492,1.2616140984854738,1.0680532119894508,1.5075134373062617,29.726357653093732
806.0,16.619310433916482,21.039530298548236,23.804987642649724,26.90434447857696,16.619310433916482,4.420219864631754,2.7654573441014882,3.099356835927235
807.0,1.2459339373253044,2.313962935488391,6.162190659924352,6.397700689384198,1.2459339373253044,1.0680289981630864,3.8482277244359615,0.23551002945984578
808.0,10.324394154030614,12.43283896622285,26.290095909538692,30.39089883625535,10.324394154030614,2.1084448121922357,13.857256943315843,4.100802926716657
809.0,5.348575937008569,21.008317599542032,29.98841910597826,30.158355778707065,5.348575937008569,15.659741662533463,8.980101506436228,0.16993667272880586
810.0,6.003675419473634,18.45067447872576,20.547255662637692,31.32975437960238,6.003675419473634,12.446999059252125,2.0965811839119333,10.782498716964689
811.0,4.959522489408208,11.615541807210125,13.988509905252666,30.6066482593816,4.959522489408208,6.656019317801917,2.3729680980425414,16.618138354128934
812.0,1.0630037275618207,10.940250428709497,16.699091362889277,20.875673608666673,1.0630037275618207,9.877246701147676,5.75884093417978,4.1765822457773965
813.0,14.350583601028038,22.963869224723673,24.78017211950873,28.98543805370838,14.350583601028038,8.613285623695635,1.816302894785057,4.205265934199648
814.0,6.2759244051615575,14.415882276484307,24.586227902586113,32.04350464825578,6.2759244051615575,8.13995787132275,10.170345626101806,7.457276745669663
815.0,13.485249271441567,22.369131008246356,29.977398880079114,30.337466081477544,13.485249271441567,8.883881736804788,7.6082678718327585,0.3600672013984294
816.0,18.187614716376153,33.93686836899111,34.21134936842426,34.76391596053464,18.187614716376153,15.749253652614954,0.27448099943315185,0.5525665921103808
817.0,17.22454613878135,20.59794706213614,27.14984632517135,34.637986929727866,17.22454613878135,3.37340092335479,6.55189926303521,7.488140604556516
818.0,11.902872589697825,13.162999589406077,14.342690147267156,22.872684003514735,11.902872589697825,1.2601269997082518,1.179690557861079,8.529993856247579
819.0,3.8108054943752308,9.377353333100096,10.057402818101625,17.31647122957147,3.8108054943752308,5.5665478387248655,0.6800494850015291,7.259068411469844
820.0,3.925259104927104,14.323120607904773,17.436315323887484,18.816626185431605,3.925259104927104,10.397861502977669,3.1131947159827114,1.380310861544121
821.0,2.425784291199811,6.307426302667498,18.205881240414712,21.430277206306556,2.425784291199811,3.8816420114676866,11.898454937747214,3.224395965891844
822.0,1.0324578123756254,2.957770838416984,4.138279933114973,9.0264589121129,1.0324578123756254,1.9253130260413585,1.1805090946979888,4.888178978997928
823.0,1.6402495008685563,4.286836995291132,15.472438365298661,18.75394556349106,1.6402495008685563,2.646587494422576,11.185601370007529,3.2815071981924007
824.0,14.66346949686681,17.166023167226456,18.937024115192802,30.432865651121826,14.66346949686681,2.502553670359646,1.7710009479663462,11.495841535929024
825.0,5.377557639826275,22.944461428081034,26.63925786465237,31.97594257170395,5.377557639826275,17.56690378825476,3.6947964365713375,5.336684707051578
826.0,7.093350011174088,10.37372544723388,20.830395047430653,27.968948775436647,7.093350011174088,3.280375436059792,10.456669600196772,7.138553728005995
827.0,0.8815932978041943,3.2706562705030002,5.507005366914623,9.927507680698131,0.8815932978041943,2.389062972698806,2.2363490964116224,4.420502313783508
828.0,5.779673353007457,11.768947848139646,13.319485214417767,17.18026146304662,5.779673353007457,5.9892744951321895,1.550537366278121,3.860776248628852
829.0,6.898121793363742,14.491610033588685,20.327408765316868,20.361822157913963,6.898121793363742,7.593488240224943,5.8357987317281825,0.03441339259709508
830.0,4.608761607005807,14.482697400798902,17.69966667985938,19.601548189226996,4.608761607005807,9.873935793793095,3.2169692790604785,1.901881509367616
831.0,1.6480440946165231,3.19976645844266,5.073665164309585,6.878279733633079,1.6480440946165231,1.551722363826137,1.8738987058669245,1.804614569323494
832.0,4.641339626565273,4.792103639966967,20.44821332507788,34.836542325175245,4.641339626565273,0.15076401340169454,15.656109685110913,14.388329000097364
833.0,2.721097872635575,10.487983913142177,12.051509766385148,19.49452953450236,2.721097872635575,7.766886040506602,1.5635258532429717,7.44301976811721
834.0,1.8936832000076222,2.779612436022518,10.688988249155102,11.505101198623542,1.8936832000076222,0.8859292360148956,7.909375813132584,0.8161129494684403
835.0,1.4805862598304316,4.824110600771604,12.13497832038625,18.606303646146355,1.4805862598304316,3.3435243409411726,7.310867719614645,6.471325325760105
836.0,11.699061986364342,15.804824257433626,18.471577419573357,22.82048186101735,11.699061986364342,4.105762271069285,2.666753162139731,4.348904441443992
837.0,2.0295142576565226,9.117073157109509,13.486641883988867,17.775301825801808,2.0295142576565226,7.087558899452986,4.369568726879358,4.288659941812941
838.0,16.49651999658455,16.54806413751588,32.1066261563294,33.184987727593516,16.49651999658455,0.05154414093133042,15.558562018813518,1.078361571264118
839.0,2.5839468972830133,16.344020077445695,20.5294979177542,22.004867076546198,2.5839468972830133,13.760073180162681,4.185477840308504,1.4753691587919988
840.0,17.928296618147833,22.952038659712493,24.70209700528578,31.84504849762931,17.928296618147833,5.02374204156466,1.7500583455732865,7.142951492343531
841.0,3.268332021008746,10.359850640418166,24.213634780571446,31.59312712647401,3.268332021008746,7.09151861940942,13.85378414015328,7.3794923459025625
842.0,2.6872745912479985,7.07845019721449,25.038727104869835,25.740913230288495,2.6872745912479985,4.391175605966492,17.960276907655345,0.7021861254186597
843.0,1.8511408734360018,12.09184544748398,18.686494485821772,20.524869619497828,1.8511408734360018,10.240704574047978,6.594649038337792,1.838375133676056
844.0,14.01101470772375,28.254971677120764,30.301791662243765,33.20301108058247,14.01101470772375,14.243956969397015,2.046819985123001,2.9012194183387052
845.0,5.920943864032534,26.397698728792207,28.00652791248339,28.034804016478635,5.920943864032534,20.476754864759673,1.6088291836911814,0.02827610399524616
846.0,3.612620061311155,10.677064660313608,15.789228535620293,27.802977836326857,3.612620061311155,7.064444599002453,5.112163875306685,12.013749300706564
847.0,8.630345507986235,14.839524184321629,17.217572287472546,22.152129862676,8.630345507986235,6.209178676335394,2.378048103150917,4.934557575203453
848.0,2.392325715934632,14.599753548882774,19.367785996130426,28.671907819357397,2.392325715934632,12.207427832948142,4.768032447247652,9.304121823226971
849.0,19.368399941466485,20.31483334638231,20.41357737046286,21.587808216772196,19.368399941466485,0.9464334049158261,0.09874402408054905,1.1742308463093352
850.0,3.4427946930654194,6.767665761944574,33.40996488756504,34.20096287197792,3.4427946930654194,3.3248710688791547,26.642299125620465,0.7909979844128827
851.0,10.193249201626102,17.23795506506232,27.894736959163843,34.74282787251192,10.193249201626102,7.044705863436217,10.656781894101524,6.848090913348074
852.0,4.12764845115252,10.993371609830572,23.879989619906222,27.565806200182582,4.12764845115252,6.865723158678051,12.88661801007565,3.6858165802763594
853.0,6.533893326068554,10.605931404035445,24.491867248549713,28.58724807765606,6.533893326068554,4.072038077966891,13.885935844514268,4.095380829106347
854.0,10.562981197659479,15.070678057673309,27.150608543244033,27.246269782808223,10.562981197659479,4.50769686001383,12.079930485570724,0.09566123956419048
855.0,3.808456362350867,8.619379797525749,12.901484979387632,21.84851447924533,3.808456362350867,4.810923435174882,4.282105181861883,8.947029499857699
856.0,1.1396001675672807,1.6430695701959905,5.50621852792381,7.155852640835317,1.1396001675672807,0.5034694026287099,3.8631489577278195,1.6496341129115066
857.0,11.577580761534815,14.91065879962575,18.436967995166018,26.012836513436483,11.577580761534815,3.3330780380909353,3.526309195540268,7.575868518270465
858.0,9.577740199070668,13.302151120044972,21.848928429368613,23.922326766131846,9.577740199070668,3.7244109209743037,8.546777309323641,2.0733983367632334
859.0,6.097608446825099,16.665207934073884,23.864958476294717,33.50265361966256,6.097608446825099,10.567599487248785,7.199750542220833,9.637695143367843
860.0,7.799209995145059,16.014721640715134,23.617284746231697,29.558998229118615,7.799209995145059,8.215511645570075,7.602563105516563,5.941713482886918
861.0,23.454574939785385,23.943650477660867,30.08660237683618,31.868787854776937,23.454574939785385,0.4890755378754825,6.142951899175312,1.7821854779407573
862.0,1.7515336308766436,5.374264530594555,7.335669711744536,7.778367665924371,1.7515336308766436,3.6227308997179115,1.9614051811499813,0.4426979541798346
863.0,2.738350964778803,3.5191702100869655,5.327160181503626,12.096154098657081,2.738350964778803,0.7808192453081624,1.80798997141666,6.768993917153455
864.0,5.017916214301756,15.38094684758877,17.68104447730362,21.580727229936087,5.017916214301756,10.363030633287014,2.3000976297148483,3.8996827526324687
865.0,3.120926091662863,7.439027327563718,10.404043734298359,33.770042645334314,3.120926091662863,4.318101235900855,2.965016406734641,23.365998911035955
866.0,8.609997988048917,22.23359802340167,30.582119937423705,32.50277979416817,8.609997988048917,13.623600035352752,8.348521914022037,1.9206598567444644
867.0,10.524637526393096,15.004946671111878,20.24713024670256,33.31450223471078,10.524637526393096,4.480309144718781,5.242183575590683,13.067371988008219
868.0,2.0010136766571875,5.359618810899153,10.503810791435182,15.637775823414568,2.0010136766571875,3.358605134241966,5.1441919805360286,5.133965031979386
869.0,6.091203248436827,32.29493622594588,33.30713964885966,34.71667359313488,6.091203248436827,26.203732977509056,1.0122034229137782,1.4095339442752177
870.0,1.102027983321861,7.176788105409386,13.708320025058232,17.97371751160792,1.102027983321861,6.074760122087525,6.531531919648845,4.265397486549688
871.0,2.8247425021946455,6.569488707799941,19.559943613467965,21.728246720233145,2.8247425021946455,3.7447462056052956,12.990454905668024,2.1683031067651797
872.0,7.273684858061394,11.425919570750555,12.746615605459926,23.84788356460502,7.273684858061394,4.152234712689161,1.3206960347093712,11.101267959145094
873.0,20.80747566680582,21.337838015349583,26.652038435331455,27.67284382743229,20.80747566680582,0.5303623485437612,5.314200419981873,1.0208053921008329
874.0,8.05068833553813,8.328981054657273,9.403434647329217,25.172946452942213,8.05068833553813,0.27829271911914333,1.0744535926719436,15.769511805612996
875.0,0.20861411529846663,10.42445006048403,11.443464438126867,20.752470594135964,0.20861411529846663,10.215835945185564,1.0190143776428364,9.309006156009097
876.0,0.9881174322283073,10.579025533341575,11.776382470292148,24.288480745438356,0.9881174322283073,9.590908101113268,1.1973569369505732,12.512098275146208
877.0,1.1876728888703525,17.914359514852602,17.995562532895143,28.971976815818834,1.1876728888703525,16.72668662598225,0.08120301804254026,10.976414282923692
878.0,13.234758111333424,19.942374845049113,20.116219703349202,32.799680347102466,13.234758111333424,6.707616733715689,0.17384485830008956,12.683460643753264
879.0,6.98692859084408,7.010139362534581,10.374866642680253,33.60482723919608,6.98692859084408,0.023210771690500565,3.3647272801456722,23.229960596515824
880.0,20.25078057668913,23.986907246042925,27.155604867011753,33.53760168681863,20.25078057668913,3.7361266693537942,3.1686976209688282,6.381996819806879
881.0,10.016039725053279,19.551497421217363,25.26302980433534,34.03011500381774,10.016039725053279,9.535457696164084,5.7115323831179765,8.767085199482402
882.0,2.190898926985305,7.396244732959623,14.704697794736752,32.15146279788188,2.190898926985305,5.205345805974318,7.308453061777129,17.446765003145124
883.0,7.915146956277283,20.033536249089227,21.18260775171474,24.416406163057083,7.915146956277283,12.118389292811944,1.1490715026255138,3.2337984113423417
884.0,2.6298760248150046,3.441550055697256,5.875110298840426,12.93125494354134,2.6298760248150046,0.8116740308822514,2.4335602431431695,7.056144644700915
885.0,23.464087297581294,28.59796616974247,32.55969001963963,34.7815205680045,23.464087297581294,5.133878872161176,3.9617238498971616,2.2218305483648706
886.0,8.668311364222152,8.816769824407853,14.273410802670547,15.063728073736424,8.668311364222152,0.14845846018570086,5.456640978262694,0.7903172710658772
887.0,6.6415576401543355,8.619198560863698,15.921030313566682,26.613523833328802,6.6415576401543355,1.9776409207093621,7.301831752702984,10.69249351976212
888.0,0.6688134814898561,8.467396187987863,20.504036383956247,25.18254624093578,0.6688134814898561,7.7985827064980064,12.036640195968385,4.678509856979531
889.0,3.7395463087386105,11.118233369843395,23.040103935271596,29.90748296597191,3.7395463087386105,7.378687061104785,11.9218705654282,6.867379030700313
890.0,6.368514865229876,9.513869745442069,11.09459739526369,34.750934384364506,6.368514865229876,3.1453548802121922,1.5807276498216218,23.656336989100815
891.0,9.559330229369444,13.345953335589112,19.483551271490306,27.570950567076004,9.559330229369444,3.7866231062196682,6.137597935901194,8.087399295585698
892.0,10.011247016435984,21.254663962774828,27.514654850078674,30.321302511469728,10.011247016435984,11.243416946338844,6.259990887303847,2.806647661391054
893.0,6.512579309116273,8.93705955305412,16.987195239230868,27.76812356985133,6.512579309116273,2.424480243937847,8.050135686176748,10.780928330620462
894.0,13.460324913718384,26.105670428719588,28.216053450227147,32.44664428976824,13.460324913718384,12.645345515001203,2.110383021507559,4.23059083954109
895.0,8.076652731204533,8.148176703243973,26.918823518077986,34.813452547477674,8.076652731204533,0.07152397203944005,18.770646814834013,7.894629029399688
896.0,7.113564078433214,26.07014259244736,28.65581959869475,34.455690387669456,7.113564078433214,18.956578514014147,2.5856770062473906,5.7998707889747045
897.0,5.07495982357376,26.740720815618296,32.80449946882443,33.06756592056547,5.07495982357376,21.665760992044536,6.0637786532061355,0.2630664517410395
898.0,15.813776029130043,22.00667348990657,25.92378681083965,34.053318444454796,15.813776029130043,6.192897460776528,3.9171133209330797,8.129531633615144
899.0,4.120734163224338,9.892079085603463,12.794785308902636,26.25661378216826,4.120734163224338,5.771344922379125,2.902706223299173,13.461828473265623
900.0,8.622063428603738,10.433692109460072,22.308062969710605,33.6165391166481,8.622063428603738,1.8116286808563338,11.874370860250533,11.308476146937494
901.0,2.1451868600132045,17.003712340618765,33.05233917658808,34.34346320134288,2.1451868600132045,14.85852548060556,16.048626835969312,1.2911240247548008
902.0,10.450770975673137,14.150579208721805,19.39677255529267,23.96078566798532,10.450770975673137,3.6998082330486675,5.246193346570866,4.564013112692649
903.0,19.331969456970384,22.514680564036546,23.133766150655674,24.972513602328426,19.331969456970384,3.1827111070661616,0.6190855866191285,1.8387474516727522
904.0,6.3373370649570795,17.09913789995477,29.413197967366543,34.74449297386002,6.3373370649570795,10.76180083499769,12.314060067411774,5.331295006493477
905.0,10.937971787017592,14.890616512950082,30.36173792543403,31.1183249522568,10.937971787017592,3.9526447259324904,15.47112141248395,0.7565870268227677
906.0,19.88734132750013,25.33415205950285,29.534968431497987,31.696849691401177,19.88734132750013,5.446810732002717,4.200816371995138,2.16188125990319
907.0,9.911310962400254,20.825877792545562,23.566092110136978,30.308256369168852,9.911310962400254,10.914566830145308,2.740214317591416,6.742164259031874
908.0,4.464939912238506,20.84521430153974,25.4593796552209,34.0401646992749,4.464939912238506,16.380274389301235,4.614165353681159,8.580785044053997
909.0,0.9536562544782186,2.2703009874141387,6.1441337784073795,24.136836856209815,0.9536562544782186,1.31664473293592,3.873832790993241,17.992703077802435
910.0,4.722957166438569,7.730987276738638,9.518460499963393,16.014890247651543,4.722957166438569,3.0080301103000693,1.7874732232247545,6.4964297476881505
911.0,3.8024052498909953,4.33937929401327,6.564903648844503,9.79623215848746,3.8024052498909953,0.5369740441222746,2.225524354831233,3.2313285096429567
912.0,1.9336418753840334,17.586532000450614,26.916310428665337,32.2285210524347,1.9336418753840334,15.65289012506658,9.329778428214723,5.312210623769364
913.0,6.075531038838115,8.322976841487552,9.50238551263239,11.01281201751177,6.075531038838115,2.2474458026494375,1.179408671144838,1.51042650487938
914.0,5.985407918340684,12.717047761130711,23.559211037970297,31.736733981810254,5.985407918340684,6.7316398427900275,10.842163276839585,8.177522943839957
915.0,0.6442927209639038,4.06211481045424,7.59170385405767,9.063150800924301,0.6442927209639038,3.417822089490336,3.52958904360343,1.4714469468666316
916.0,24.275767229147267,24.788168217464666,27.51984850672418,34.90580236087546,24.275767229147267,0.512400988317399,2.731680289259515,7.385953854151282
917.0,2.9592352282173167,16.12636054668676,16.448472357018446,17.167558258277285,2.9592352282173167,13.167125318469445,0.322111810331684,0.7190859012588398
918.0,0.7297624242446332,3.3001327897284085,11.27532205560152,14.661297663484152,0.7297624242446332,2.5703703654837753,7.975189265873112,3.3859756078826315
919.0,10.153011239047807,30.6001554096747,32.73300308555601,34.45929685792752,10.153011239047807,20.447144170626892,2.132847675881308,1.7262937723715126
920.0,2.2699080350761065,2.5267599884946748,4.657760373456483,13.937102079423276,2.2699080350761065,0.25685195341856826,2.1310003849618084,9.279341705966793
921.0,7.738339674929733,13.761737886888433,19.225712573285833,29.866737850829157,7.738339674929733,6.0233982119587,5.4639746863974,10.641025277543324
922.0,0.3312697075891222,4.036175623050045,9.307364276002843,9.37384929094377,0.3312697075891222,3.704905915460923,5.271188652952798,0.06648501494092685
923.0,5.502493721765191,6.292548554133916,8.45825527863904,22.406066411175765,5.502493721765191,0.7900548323687246,2.1657067245051245,13.947811132536724
924.0,4.198066455856196,14.004786350946791,21.776247436350225,24.85392685263706,4.198066455856196,9.806719895090595,7.771461085403434,3.077679416286834
925.0,7.565974782096248,8.88084686684136,15.855500674858266,28.358078946894164,7.565974782096248,1.3148720847451116,6.974653808016907,12.502578272035898
926.0,5.833121848394917,6.965508622729697,14.266035261808966,17.494177051326396,5.833121848394917,1.1323867743347797,7.300526639079269,3.22814178951743
927.0,0.44775298851608625,19.218477124212697,21.727035590114745,29.77063738954649,0.44775298851608625,18.77072413569661,2.5085584659020483,8.043601799431745
928.0,8.875846368011903,19.136702508023312,26.83998239302141,32.85668636316535,8.875846368011903,10.260856140011409,7.703279884998096,6.0167039701439435
929.0,5.752335534885628,27.768038411033167,30.477650040284445,31.33688731556635,5.752335534885628,22.01570287614754,2.7096116292512775,0.859237275281906
930.0,0.9075362688097712,5.690188943626669,12.298946517621285,29.167301929345122,0.9075362688097712,4.782652674816898,6.608757573994616,16.868355411723837
931.0,4.36972477678723,23.11795647689149,23.64965480066636,27.18752817313872,4.36972477678723,18.74823170010426,0.5316983237748723,3.537873372472358
932.0,2.5596759955906947,5.507068379908983,12.567435675352947,12.718724068065033,2.5596759955906947,2.947392384318288,7.060367295443964,0.15128839271208605
933.0,16.729223521260714,20.3713626657989,26.02987778963879,33.78842932030987,16.729223521260714,3.642139144538188,5.658515123839887,7.7585515306710775
934.0,14.556541250234108,19.49115651625045,20.57797211776062,25.750152205934086,14.556541250234108,4.9346152660163405,1.086815601510171,5.172180088173466
935.0,18.01849462936394,20.892504604755672,28.005761698559837,29.03946606367932,18.01849462936394,2.8740099753917328,7.113257093804165,1.0337043651194833
936.0,6.15296992747594,24.986507764408415,30.049050651100735,33.94069086943935,6.15296992747594,18.833537836932475,5.06254288669232,3.8916402183386154
937.0,19.591707564322498,23.42270396535412,25.013552695071382,28.390033539867865,19.591707564322498,3.830996401031623,1.590848729717262,3.3764808447964825
938.0,3.7120964011310384,4.872567327222356,5.624195252937934,20.10142664969169,3.7120964011310384,1.1604709260913175,0.751627925715578,14.477231396753755
939.0,11.350911034173254,12.930944385364914,24.750986548049063,31.113983667219554,11.350911034173254,1.580033351191659,11.82004216268415,6.36299711917049
940.0,0.6977538473110627,9.087948414827274,23.026289934202623,26.626913347815112,0.6977538473110627,8.390194567516211,13.93834151937535,3.600623413612489
941.0,9.015185875958352,11.08835891164415,16.984858892330266,20.906826672210983,9.015185875958352,2.073173035685798,5.896499980686116,3.921967779880717
942.0,3.906481277829144,9.101150293364,21.231011200352516,22.459239382208082,3.906481277829144,5.194669015534856,12.129860906988515,1.2282281818555667
943.0,1.9387919543203864,2.8179237775682537,10.671928587544869,23.39745073106854,1.9387919543203864,0.8791318232478673,7.854004809976615,12.72552214352367
944.0,2.5279321709929548,5.939657094097495,12.392526210093433,17.54535596804049,2.5279321709929548,3.41172492310454,6.452869115995938,5.152829757947057
945.0,4.723809130782854,14.478869619577232,15.92577141013092,29.899316358246125,4.723809130782854,9.755060488794378,1.4469017905536887,13.973544948115205
946.0,1.4523732124040336,4.104590818150758,7.161085567653494,11.853678206631702,1.4523732124040336,2.652217605746724,3.056494749502736,4.692592638978208
947.0,16.430632310933664,22.734939544910706,24.44258355689718,33.726756351686895,16.430632310933664,6.304307233977042,1.7076440119864742,9.284172794789715
948.0,10.368197347145866,15.183318692396448,30.338829399514058,33.60943966307149,10.368197347145866,4.815121345250581,15.15551070711761,3.2706102635574332
949.0,11.154971905397463,23.368746679638186,26.50583770309966,27.545346085547187,11.154971905397463,12.213774774240722,3.137091023461476,1.0395083824475257
950.0,3.2686879988673248,4.9486767335292505,13.599688438538962,17.2826357519397,3.2686879988673248,1.6799887346619258,8.651011705009712,3.6829473134007387
951.0,0.47408269453297436,7.553365736030138,10.45662341142615,22.62494472590958,0.47408269453297436,7.079283041497163,2.903257675396013,12.168321314483428
952.0,4.9625884573104315,11.486421232146032,15.832284327152507,21.097439061837377,4.9625884573104315,6.523832774835601,4.345863095006475,5.26515473468487
953.0,0.5086882030888376,14.666076580830694,25.158255435161525,27.11047433106523,0.5086882030888376,14.157388377741857,10.492178854330831,1.9522188959037052
954.0,1.2937769417885008,12.44953744408226,18.87557499540628,19.598369798024507,1.2937769417885008,11.15576050229376,6.426037551324018,0.7227948026182283
955.0,17.115152024716906,19.9038879119736,20.200721019605172,20.52712988464761,17.115152024716906,2.7887358872566956,0.29683310763157067,0.3264088650424384
956.0,4.564946520601815,5.331934139498102,7.04704621457628,33.63387418292548,4.564946520601815,0.7669876188962874,1.7151120750781779,26.5868279683492
957.0,6.212138731431889,14.949990713922755,29.382658397746567,30.77838280042816,6.212138731431889,8.737851982490866,14.432667683823812,1.3957244026815943
958.0,2.071100699220814,26.43556664993311,26.51694982648194,30.958429937240297,2.071100699220814,24.364465950712297,0.08138317654882954,4.441480110758356
959.0,1.3732713735301445,17.133789355576546,29.182340151629948,30.41674779128133,1.3732713735301445,15.760517982046402,12.048550796053402,1.2344076396513834
960.0,9.65946154401906,24.353410578596765,28.500379189303725,34.324580464364765,9.65946154401906,14.693949034577706,4.14696861070696,5.824201275061039
961.0,14.123979857999824,21.31962975280303,22.689698469799488,33.49482627245144,14.123979857999824,7.195649894803207,1.3700687169964567,10.805127802651953
962.0,5.197816481727582,8.137176731156053,14.71148954898267,14.881221245722717,5.197816481727582,2.9393602494284714,6.574312817826616,0.1697316967400475
963.0,29.297246111148933,30.08976274256532,31.515359560842676,32.288696982061154,29.297246111148933,0.7925166314163867,1.4255968182773557,0.7733374212184785
964.0,15.461681271662993,20.45432832039424,29.340958376135998,30.767714034146294,15.461681271662993,4.992647048731246,8.886630055741758,1.426755658010297
965.0,1.3181688702054046,4.3273571882534085,8.194555615890977,13.736995157719313,1.3181688702054046,3.009188318048004,3.867198427637568,5.542439541828337
966.0,14.393383770669011,18.59445931237488,28.40144628052271,34.68207953326517,14.393383770669011,4.201075541705869,9.806986968147829,6.280633252742458
967.0,5.598883567088908,8.339555537292057,13.950477079858775,16.237126654421818,5.598883567088908,2.740671970203149,5.610921542566718,2.286649574563043
968.0,4.779132442950946,13.613566669116484,15.358620781087179,25.511774674515834,4.779132442950946,8.834434226165538,1.7450541119706955,10.153153893428655
969.0,1.2156443802131562,7.283468852206397,8.599643729296858,12.327820569054179,1.2156443802131562,6.067824471993241,1.3161748770904609,3.728176839757321
970.0,5.7781741244654725,10.306048832267908,13.05532331759051,18.066601292900565,5.7781741244654725,4.527874707802436,2.7492744853226014,5.011277975310055
971.0,16.74517529450887,25.289353552334,25.761795313615956,31.026189783610388,16.74517529450887,8.54417825782513,0.4724417612819565,5.264394469994432
972.0,9.745008032487362,27.6764563120815,28.743715741576715,28.80752640027356,9.745008032487362,17.931448279594136,1.0672594294952162,0.06381065869684477
973.0,5.623470806205269,9.97069152996363,17.384363842037246,28.258912390207236,5.623470806205269,4.347220723758362,7.413672312073615,10.87454854816999
974.0,0.5152689450384926,14.199445329425757,14.270747631632801,18.36790160851395,0.5152689450384926,13.684176384387264,0.07130230220704448,4.097153976881149
975.0,15.304879014486609,25.55133826509544,34.48260883348997,34.98744566126784,15.304879014486609,10.24645925060883,8.931270568394531,0.5048368277778721
976.0,6.768707694105988,12.573844600940703,26.318456947056262,29.845078401870705,6.768707694105988,5.805136906834715,13.74461234611556,3.5266214548144426
977.0,12.080837033246567,24.31221579763374,27.69420159222974,30.76471552538469,12.080837033246567,12.231378764387173,3.381985794595998,3.0705139331549525
978.0,5.196754512712332,7.478604843291389,26.17292993635389,33.032924476538035,5.196754512712332,2.281850330579058,18.6943250930625,6.859994540184147
979.0,11.880076664212446,13.451745883646833,27.259991455666352,33.1604168817895,11.880076664212446,1.571669219434387,13.80824557201952,5.9004254261231495
980.0,2.672782616181948,8.134894089510333,10.148881132812214,10.81817868941853,2.672782616181948,5.462111473328385,2.0139870433018814,0.6692975566063168
981.0,1.0642903000857586,2.6279673372007863,5.845028973065844,10.369379064660507,1.0642903000857586,1.5636770371150277,3.2170616358650577,4.524350091594663
982.0,4.3567569256248575,9.729172417418635,16.8707323283404,29.878889647801422,4.3567569256248575,5.372415491793777,7.141559910921764,13.008157319461024
983.0,2.8385957649029834,7.979030983628483,14.374554873647142,17.181646695543577,2.8385957649029834,5.1404352187255,6.395523890018659,2.807091821896435
984.0,4.939863435225625,6.282753876700056,22.398553268811845,34.71647594353011,4.939863435225625,1.342890441474431,16.11579939211179,12.317922674718261
985.0,14.371561354894215,20.141262060376633,20.886656649095837,31.94113012031486,14.371561354894215,5.769700705482418,0.7453945887192042,11.054473471219023
986.0,9.84926330844717,20.282031608563297,21.336649676712234,31.15457479540086,9.84926330844717,10.432768300116127,1.0546180681489368,9.817925118688624
987.0,3.4437379935583046,11.80594484101784,14.418412562014893,17.219555749084307,3.4437379935583046,8.362206847459536,2.612467720997053,2.801143187069414
988.0,1.3284509141485472,19.65703769196389,22.329280919004955,25.996979063238197,1.3284509141485472,18.328586777815342,2.672243227041065,3.667698144233242
989.0,7.546245967738386,10.045472924465876,27.200797670675758,33.85672835200928,7.546245967738386,2.4992269567274903,17.15532474620988,6.655930681333519
990.0,17.016745564651465,18.093391787304604,22.29009849245329,22.95033800642909,17.016745564651465,1.0766462226531388,4.196706705148685,0.6602395139757995
991.0,0.6833149907061156,12.059687130233378,13.636318256097798,16.743971974526275,0.6833149907061156,11.376372139527263,1.5766311258644201,3.1076537184284767
992.0,6.124280020439251,8.659544460580552,12.742633596195276,17.528029731315684,6.124280020439251,2.535264440141301,4.083089135614724,4.785396135120408
993.0,14.566060398224685,17.469681702133276,21.14955387691062,33.194650533796356,14.566060398224685,2.90362130390859,3.679872174777344,12.045096656885736
994.0,0.892502383170303,3.0133013187172324,5.52523569101799,26.450313085614795,0.892502383170303,2.1207989355469294,2.5119343723007574,20.925077394596805
995.0,1.4492687982197339,5.880281349188635,6.121287694333226,14.998074270808964,1.4492687982197339,4.431012550968902,0.24100634514459074,8.876786576475737
996.0,5.001162678275893,17.54706488239723,29.95778738137293,30.567297926065677,5.001162678275893,12.545902204121337,12.410722498975701,0.6095105446927462
997.0,2.47208773109368,9.543769409825934,12.971218213707765,28.09138764729626,2.47208773109368,7.071681678732254,3.4274488038818305,15.120169433588494
998.0,5.035131355484349,16.600622693355433,21.65998284674144,24.449441499559274,5.035131355484349,11.565491337871084,5.059360153386006,2.789458652817835
999.0,13.223523868232412,15.91133650025872,28.058385001871102,28.716214546535813,13.223523868232412,2.687812632026308,12.147048501612382,0.6578295446647111
1000.0,8.562856299865416,8.593308556105924,34.69084167438969,34.999932615316915,8.562856299865416,0.03045225624050829,26.097533118283764,0.3090909409272271
